jockey_name_api,jockey_id
コレット,5691
三浦皇成,1122
上里直汰,1217
上野翔,1087
中井裕二,1141
中村将之,1101
丸山元気,1127
丸田恭介,1117
亀田温心,1176
五十嵐雄,1069
伴啓太,1149
佐々木大,1197
佐藤翔馬,1207
北村友一,1102
原優介,1184
原田和真,1143
古川吉洋,1015
古川奈穂,1190
吉村誠之,1216
吉田豊,733
吉田隼人,1095
和田陽希,1223
団野大成,1180
国分優作,1125
国分恭介,1124
坂井瑠星,1163
坂口智康,1211
大江原圭,1120
大野拓弥,1096
太宰啓介,1037
富田暁,1168
小坂忠士,1063
小崎綾也,1152
小林美駒,1206
小沢大仁,1185
小牧加矢,1196
岡田祥嗣,5429
岩田康誠,5203
岩田望来,1174
川又賢治,1166
川田将雅,1088
川端海翼,1195
川須栄彦,1128
幸英明,732
戸崎圭太,5386
斎藤新,1178
木幡初也,1153
木幡巧也,1162
杉原誠人,1135
松山弘平,1126
松岡正海,1085
松本大輝,1191
松若風馬,1154
柴田大知,1009
柴田裕一,1212
森田誠也,1222
横山典弘,660
横山和生,1140
横山武史,1170
横山琉人,1192
武藤雅,1169
水沼元輝,1201
永島まな,1187
江田照男,689
池添謙一,1032
河原田菜,1204
津村明秀,1092
浜中俊,1115
田口貫太,1208
田山旺佑,1220
田辺裕信,1075
石川裕紀,1150
石橋脩,1077
石田拓郎,1203
石神深道,1209
秋山稔樹,1181
舟山瑠泉,1221
草野太郎,1113
荻野極,1184
荻野琢真,1112
菊沢一樹,1161
菱田裕二,1144
藤懸貴志,1138
西塚洸二,1200
西村淳也,1171
角田大和,1186
遠藤汰月,1218
酒井学,1034
野中悠太,1158
金子光希,1052
長岡禎仁,1142
長浜鴻緒,1214
難波剛健,1066
高倉稜,1130
黒岩悠,1072
黛弘人,1109
Ｍ．デム,5212
