jockey_id,place_count,total_count,jockey_show_rate,jockey_win_rate,jockey_race_count,jockey_lcb95
103,85,438,0.19550561797752808,0.0593607305936073,438,0.16541003329012946
123,38,375,0.10471204188481675,0.037333333333333336,375,0.08020373638963377
126,11,71,0.16666666666666666,0.028169014084507043,71,0.10285508594854405
133,24,75,0.3170731707317073,0.10666666666666667,75,0.235616361935461
136,137,774,0.17797695262483995,0.050387596899224806,774,0.15595544061220826
140,2268,5587,0.4057919199141938,0.16645784857705387,5587,0.3950128414211095
142,26,57,0.4375,0.14035087719298245,57,0.33731768407700014
163,7,31,0.23684210526315788,0.0967741935483871,31,0.1331810996434859
164,173,742,0.2336448598130841,0.07142857142857142,742,0.2086384043368479
166,74,234,0.3153526970954357,0.09401709401709402,234,0.2670959106428863
171,680,3631,0.1874656404617922,0.04957312035251997,3631,0.17692214177529275
223,7,41,0.1875,0.04878048780487805,41,0.10370178631317498
229,42,252,0.16988416988416988,0.047619047619047616,252,0.13307155816329613
246,3,4,0.45454545454545453,0.0,4,0.22244110100812936
252,16,142,0.12080536912751678,0.04225352112676056,142,0.08010268077768008
254,100,344,0.2905982905982906,0.11918604651162791,344,0.2514748840985486
281,56,120,0.4566929133858268,0.15833333333333333,120,0.38462477750429686
298,657,2095,0.31351094196003804,0.10501193317422435,2095,0.29697196992357827
299,64,354,0.18282548476454294,0.059322033898305086,354,0.1504330150782549
301,1,9,0.1875,0.0,9,0.05684686759024681
307,364,1826,0.19967266775777415,0.05750273822562979,1826,0.18450667605830587
342,23,80,0.28735632183908044,0.0375,80,0.21083720576575607
348,15,58,0.26153846153846155,0.06896551724137931,58,0.17686135241531703
349,207,959,0.2163561076604555,0.06986444212721585,959,0.19491357086525032
358,14,95,0.1568627450980392,0.010526315789473684,95,0.10196358901958465
367,1623,4484,0.361834780672456,0.14183764495985726,4484,0.3500765454157052
370,61,226,0.2703862660944206,0.09292035398230089,226,0.2237611952301134
377,7,19,0.34615384615384615,0.10526315789473684,19,0.20237777985466227
382,21,130,0.1678832116788321,0.06153846153846154,130,0.11842950578274528
392,606,2906,0.2087195331273601,0.06366139022711631,2906,0.1964508784359775
393,4,26,0.18181818181818182,0.0,26,0.0849545350879446
395,129,589,0.2197986577181208,0.05602716468590832,589,0.19246278086538632
396,16,154,0.11180124223602485,0.025974025974025976,154,0.0739868292451744
397,1,34,0.07317073170731707,0.0,34,0.020753601475701208
400,8,32,0.2564102564102564,0.0625,32,0.15028202347670996
403,7,50,0.15789473684210525,0.0,50,0.08648636670514005
405,13,75,0.18292682926829268,0.04,75,0.1177573767423144
408,0,15,0.09090909090909091,0.0,15,0.01719099663247961
409,92,572,0.16234887737478412,0.05244755244755245,572,0.13783998206777143
410,31,245,0.13095238095238096,0.04081632653061224,245,0.09780273056369218
411,0,16,0.08695652173913043,0.0,16,0.01639751631348414
413,0,14,0.09523809523809523,0.0,14,0.018065203085418632
414,1,17,0.125,0.0,17,0.03651529972590258
417,1,12,0.15789473684210525,0.0,12,0.04702488429256185
418,0,25,0.0625,0.0,25,0.011585315861443594
419,0,1,0.25,0.0,1,0.05337550047023718
421,2,22,0.13793103448275862,0.0,22,0.050308172220812734
422,3725,13435,0.2772652879035858,0.10018608113137328,13435,0.27093352678173643
423,3,68,0.06666666666666667,0.0,68,0.026999033540736874
424,4,36,0.13953488372093023,0.0,36,0.06409134273620848
426,38,305,0.1282051282051282,0.022950819672131147,305,0.09853029155494604
429,2,28,0.11428571428571428,0.03571428571428571,28,0.04119952944789624
431,12,70,0.18181818181818182,0.05714285714285714,70,0.11494485994162833
432,902,2251,0.4003542958370239,0.16525988449577966,2251,0.38344748275876134
433,0,3,0.2,0.0,3,0.041023167506996534
434,1,2,0.3333333333333333,0.0,2,0.1111127066076292
436,3,11,0.2777777777777778,0.18181818181818182,11,0.12377091476954695
438,0,6,0.15384615384615385,0.0,6,0.030460165659137187
439,12,65,0.19444444444444445,0.03076923076923077,65,0.12333213459416548
441,1,9,0.1875,0.0,9,0.05684686759024681
443,19,151,0.13291139240506328,0.046357615894039736,151,0.09141022177435344
444,19,94,0.2079207920792079,0.07446808510638298,94,0.14524480797807213
501,25,181,0.14361702127659576,0.027624309392265192,181,0.10390995563000537
503,1198,3812,0.31421838177533384,0.10676810073452256,3812,0.30191980535544516
504,507,2041,0.24853515625,0.08525232729054386,2041,0.23297168303840396
513,32,233,0.14166666666666666,0.02145922746781116,233,0.10648571147910157
522,21,195,0.11386138613861387,0.02564102564102564,195,0.0794811497598155
523,70,307,0.22929936305732485,0.0749185667752443,307,0.19133681762960403
526,16,225,0.07758620689655173,0.02666666666666667,225,0.050967227325066124
527,13,69,0.19736842105263158,0.028985507246376812,69,0.12751616896395876
535,24,78,0.3058823529411765,0.08974358974358974,78,0.2267817828337524
537,598,2826,0.21178962230850687,0.06227883934890304,2826,0.19928193494692611
540,23,130,0.18248175182481752,0.046153846153846156,130,0.13114240887167894
542,18,197,0.09803921568627451,0.02030456852791878,197,0.06625245470726769
543,34,240,0.145748987854251,0.03333333333333333,240,0.1105876779723069
544,359,1267,0.28335949764521196,0.08366219415943173,1267,0.262795226919174
545,3,52,0.0847457627118644,0.019230769230769232,52,0.034583975143739745
557,29,138,0.21379310344827587,0.043478260869565216,138,0.16029572401175604
559,259,1413,0.18380281690140846,0.05024769992922859,1413,0.16715831885740282
560,159,495,0.3207171314741036,0.12525252525252525,495,0.28689166617887796
561,291,883,0.3292134831460674,0.11664779161947905,883,0.30353629960330236
563,41,148,0.27741935483870966,0.10135135135135136,148,0.22011258501422748
566,44,425,0.10648148148148148,0.03294117647058824,425,0.08317517303848959
568,264,1003,0.2633663366336634,0.09571286141575275,1003,0.24084886499009933
571,70,312,0.22570532915360503,0.060897435897435896,312,0.18826103744828088
575,1,12,0.15789473684210525,0.08333333333333333,12,0.04702488429256185
576,1,9,0.1875,0.0,9,0.05684686759024681
579,18,114,0.1652892561983471,0.043859649122807015,114,0.11327388873971657
581,0,1,0.25,0.0,1,0.05337550047023718
582,2,31,0.10526315789473684,0.0,31,0.03778001026592486
584,11,62,0.18840579710144928,0.03225806451612903,62,0.11695335483585208
588,40,270,0.15162454873646208,0.037037037037037035,270,0.11772237502570734
589,3,49,0.08928571428571429,0.0,49,0.0365071655509729
590,22,246,0.09486166007905138,0.02032520325203252,246,0.06654115460696643
591,575,2793,0.20607142857142857,0.06265664160401002,2793,0.19362059316148675
595,16,89,0.1875,0.033707865168539325,89,0.12619046371803685
597,954,4197,0.2274024738344434,0.0814867762687634,4197,0.21684444727979726
598,68,354,0.19390581717451524,0.05084745762711865,354,0.1607120535044639
600,1174,4381,0.268003646308113,0.09358593928326867,4381,0.2570670374887711
605,48,277,0.176056338028169,0.061371841155234655,277,0.14028163855770454
606,91,525,0.17481203007518797,0.0419047619047619,525,0.1484617464888734
607,46,350,0.13445378151260504,0.02857142857142857,350,0.10600207085047426
608,6,47,0.14814814814814814,0.02127659574468085,47,0.07738689017466463
609,12,203,0.06666666666666667,0.019704433497536946,203,0.04094819406030327
610,12,120,0.11023622047244094,0.05,120,0.06843664184242468
611,82,454,0.1822125813449024,0.06607929515418502,454,0.15347275064954863
612,13,175,0.08241758241758242,0.005714285714285714,175,0.05177712381114031
613,91,238,0.3795918367346939,0.14705882352941177,238,0.32925019421378376
614,6,32,0.20512820512820512,0.0625,32,0.10930700137649749
617,484,2093,0.23142857142857143,0.07692307692307693,2093,0.2164404971038034
618,130,488,0.26666666666666666,0.0942622950819672,488,0.23454672548953576
620,264,1270,0.20830070477682067,0.07716535433070866,1270,0.1898782962173501
621,570,3612,0.1580547112462006,0.03709856035437431,3612,0.14819027289330725
622,47,317,0.15123456790123457,0.04416403785488959,317,0.11980877426908484
623,142,816,0.17496962332928312,0.05514705882352941,816,0.15365510387911763
624,30,238,0.1306122448979592,0.03361344537815126,238,0.09706127755673001
625,63,470,0.13626834381551362,0.04680851063829787,470,0.11135024033930943
626,208,810,0.25703794369645044,0.1,810,0.23224624399863714
627,248,906,0.2738225629791895,0.08498896247240618,906,0.24984462620487127
628,274,1210,0.22678718159408381,0.06115702479338843,1210,0.20730849295582157
629,2150,10735,0.2003351331223236,0.05728924080111784,10735,0.19401516496837146
630,242,1111,0.2182468694096601,0.07560756075607561,1111,0.19822571327543598
631,427,2865,0.14937325905292478,0.04607329842931937,2865,0.13857487519274744
632,99,513,0.19423076923076923,0.04873294346978557,513,0.16640312477715244
633,167,994,0.16883116883116883,0.03722334004024145,994,0.1497478617586954
634,126,508,0.24854368932038834,0.08464566929133858,508,0.21781114744890595
635,3869,14052,0.2753396400881997,0.10375747224594364,14052,0.2691614770339178
637,933,5985,0.15604138851802404,0.0431077694235589,5985,0.14839656384386793
638,72,410,0.1774580335731415,0.02926829268292683,410,0.14762069393317803
639,67,502,0.13555992141453832,0.029880478087649404,502,0.11146435154100869
640,126,809,0.1568627450980392,0.038318912237330034,809,0.13642221485500938
641,5367,17814,0.3012737781269289,0.1058156506118783,17814,0.2956334076333746
642,382,1894,0.20199894792214623,0.06969376979936642,1894,0.18703621280490168
643,279,1376,0.2031814895155459,0.07267441860465117,1376,0.18563778257614766
645,34,362,0.0975609756097561,0.03038674033149171,362,0.0734836533182111
647,142,940,0.15205913410770855,0.03829787234042553,940,0.13330182610459962
648,262,1045,0.2509505703422053,0.08803827751196172,1045,0.22924493301818336
649,11,44,0.2549019607843137,0.022727272727272728,44,0.1611745965307894
650,5,49,0.125,0.02040816326530612,49,0.061286728690963514
651,117,707,0.16666666666666666,0.0594059405940594,707,0.14428274220655915
652,2375,11503,0.20651607298001737,0.06641745631574372,11503,0.2003390909691119
654,38,160,0.23952095808383234,0.04375,160,0.1871726920540792
655,440,1725,0.25519630484988454,0.08463768115942029,1725,0.23813175996683233
656,158,1119,0.14209591474245115,0.03663985701519214,1119,0.12535686306183763
657,2376,7520,0.31592932111066824,0.1113031914893617,7520,0.30714394476981854
658,83,762,0.11053315994798439,0.026246719160104987,762,0.09253887808040911
660,6395,17505,0.36529237094563727,0.14235932590688374,17505,0.359316243159899
661,23,194,0.12437810945273632,0.030927835051546393,194,0.08841630122855548
662,140,1006,0.140177690029615,0.041749502982107355,1006,0.12265650005333073
663,5837,18130,0.32193857859623976,0.12178709321566464,18130,0.316243453746773
664,37,281,0.13541666666666666,0.02491103202846975,281,0.10380451741301794
665,272,1357,0.20087976539589442,0.06484893146647015,1357,0.1832941618516791
666,8257,19152,0.431076778537502,0.1847326649958229,19152,0.42519602296577724
667,56,365,0.15591397849462366,0.038356164383561646,365,0.12609979091786058
668,8,44,0.19607843137254902,0.06818181818181818,44,0.11272161341407588
669,10,141,0.08108108108108109,0.014184397163120567,141,0.0477776418203679
670,697,4080,0.17103009542451675,0.04926470588235294,4080,0.1614355782568464
672,1508,7336,0.20563802260656408,0.06270447110141766,7336,0.19792629420733246
673,365,1933,0.18917525773195876,0.05431971029487843,1933,0.17473706741189382
674,1364,6168,0.22121457489878543,0.07409208819714656,6168,0.2125787204812666
675,542,2673,0.20298507462686566,0.05723905723905724,2673,0.19033454936279257
676,154,1363,0.11386861313868613,0.041085840058694055,1363,0.10008457859060298
678,34,451,0.07860262008733625,0.022172949002217297,451,0.05903662178989466
679,1417,6960,0.20367446533658676,0.05718390804597701,6960,0.19578731121906165
680,588,3318,0.1774436090225564,0.05997588908981314,3318,0.16665849549007652
681,140,987,0.14285714285714285,0.0425531914893617,987,0.12502650461234516
682,2408,8830,0.27271698540228584,0.09026047565118912,8830,0.264954111689058
683,84,841,0.10141509433962265,0.030915576694411414,841,0.08492350532263179
684,4333,17826,0.2430886558627264,0.08403455626612813,17826,0.23782173592810726
685,1260,5850,0.21546866996756017,0.06803418803418804,5850,0.20668826491719633
686,13,48,0.2727272727272727,0.041666666666666664,48,0.17967844113823553
687,24,234,0.1078838174273859,0.021367521367521368,234,0.07702629113615277
688,318,1706,0.18680677174547577,0.05803048065650645,1706,0.17153169223474662
689,2636,16459,0.16020891534070206,0.05024606598213743,16459,0.15553083959935712
690,423,2327,0.18209083119108826,0.05371723248818221,2327,0.16911061669377173
691,627,2253,0.27831858407079646,0.0887705281846427,2253,0.2629272537172397
692,152,932,0.16400425985090522,0.05042918454935622,932,0.1445528330837829
693,262,1640,0.16029143897996356,0.04573170731707317,1640,0.1456639321010451
695,401,1935,0.20751802265705457,0.06046511627906977,1935,0.19255807185696483
696,248,1513,0.16447368421052633,0.05023132848645076,1513,0.149093249034427
697,460,2045,0.22514619883040934,0.07237163814180929,2045,0.21013686957537217
698,423,2282,0.18567059851463522,0.05696757230499562,2282,0.17246278137783339
699,806,5922,0.13627930511047395,0.035123269165822354,5922,0.12902136162112646
700,3919,12609,0.31079581483830054,0.11650408438417004,12609,0.3040355081659247
701,323,2598,0.12476007677543186,0.03695150115473441,2598,0.11427874434739652
702,273,2165,0.12661141804788215,0.033718244803695153,2165,0.11507599097160365
703,645,3137,0.2057888040712468,0.0736372330251833,3137,0.19403832303060134
704,178,1127,0.15873015873015872,0.03637976929902396,1127,0.14123653023272506
705,4488,13487,0.3327404772491478,0.1267887595462297,13487,0.3260827954301866
706,464,2403,0.1933609958506224,0.049937578027465665,2403,0.18027708508309315
707,209,1711,0.12281722933643772,0.03331385154880187,1711,0.11004952665795244
708,841,3116,0.26993275696445723,0.08376123234916559,3116,0.25695261771509076
709,1292,6503,0.1987711213517665,0.06566200215285253,6503,0.19068896995929643
710,352,2008,0.17568238213399504,0.04332669322709164,2008,0.16192633040562937
711,3934,12276,0.3204428885451437,0.11420658194851743,12276,0.31353409646236113
712,922,6941,0.13298791018998274,0.03529750756375162,6941,0.1263482865956422
713,99,742,0.1348464619492657,0.03369272237196765,742,0.1148993325862139
714,899,4051,0.2220305569245934,0.06985929400148111,4051,0.21137868125688508
715,576,3535,0.163184641445511,0.0545968882602546,3535,0.15308205028287236
716,454,3095,0.1470019342359768,0.042649434571890146,3095,0.13667653594782814
717,626,2960,0.21166161105493764,0.0625,2960,0.19943969592771293
718,1045,5247,0.19927674153026265,0.06251191156851534,5247,0.19027836418382918
719,398,2661,0.14992503748125938,0.04321683577602405,2661,0.13870960172195868
720,200,1483,0.13557046979865772,0.030343897505057317,1483,0.12127056877428552
721,96,726,0.13369713506139155,0.045454545454545456,726,0.11361694653625733
722,1162,7145,0.16275167785234898,0.0496850944716585,7145,0.15562647246138914
723,261,1806,0.1450634307777165,0.042081949058693245,1806,0.13168866509001037
724,75,884,0.08641975308641975,0.029411764705882353,884,0.07148945411630174
725,282,2089,0.13549618320610687,0.04164672091910005,2089,0.12340320310143546
726,523,4482,0.11695255067943863,0.03413654618473896,4482,0.10916202209946978
727,722,3250,0.2222904513355849,0.06984615384615385,3250,0.21040616048590136
728,328,2017,0.16304347826086957,0.0436291522062469,2017,0.14973234777844066
729,477,2812,0.16991841078396594,0.050853485064011376,2812,0.15842000820910193
730,447,3581,0.12513935340022297,0.03267243786651773,3581,0.11617489568663865
731,89,472,0.18997912317327767,0.059322033898305086,472,0.16127798142261487
732,5370,23187,0.2316116236957834,0.07051364989002458,23187,0.2270686269927514
733,3939,17450,0.22575471157701782,0.07415472779369628,17450,0.2205680095432949
734,1119,6982,0.16039490628129918,0.04726439415640218,6982,0.15323076619152845
801,0,7,0.14285714285714285,0.0,7,0.02805337732017585
804,0,7,0.14285714285714285,0.0,7,0.02805337732017585
810,0,1,0.25,0.0,1,0.05337550047023718
813,0,1,0.25,0.0,1,0.05337550047023718
815,215,1389,0.15544412607449856,0.05255579553635709,1389,0.13978370675315552
817,9,100,0.102803738317757,0.03,100,0.0592940482372139
819,4,12,0.3157894736842105,0.08333333333333333,12,0.15634363948365287
823,0,4,0.18181818181818182,0.0,4,0.03677143788746509
824,1,5,0.25,0.0,5,0.07882004566602895
826,1,6,0.23076923076923078,0.0,6,0.07187025554226983
830,5,15,0.3181818181818182,0.13333333333333333,15,0.1681758233914966
836,258,2154,0.12031466913465988,0.031569173630454965,2154,0.10900893902618637
837,14,122,0.12403100775193798,0.040983606557377046,122,0.08000135682043379
838,0,10,0.11764705882352941,0.0,10,0.022678782722445716
839,0,22,0.06896551724137931,0.0,22,0.012841461997051407
843,3,26,0.15151515151515152,0.0,26,0.06365273175135745
847,0,3,0.2,0.0,3,0.041023167506996534
848,0,4,0.18181818181818182,0.0,4,0.03677143788746509
853,0,6,0.15384615384615385,0.0,6,0.030460165659137187
854,0,1,0.25,0.0,1,0.05337550047023718
855,1,2,0.3333333333333333,0.0,2,0.1111127066076292
856,0,4,0.18181818181818182,0.0,4,0.03677143788746509
863,210,1055,0.19962335216572505,0.06729857819905213,1055,0.17978309261790648
864,1,4,0.2727272727272727,0.0,4,0.08726443391415033
865,1,10,0.17647058823529413,0.0,10,0.05314598448266387
867,9,47,0.2037037037037037,0.0425531914893617,47,0.1209785268883192
872,0,3,0.2,0.0,3,0.041023167506996534
874,0,18,0.08,0.0,18,0.015011778763587415
875,42,91,0.4489795918367347,0.2087912087912088,91,0.3672958237367558
877,263,962,0.27347781217750256,0.08835758835758836,962,0.2502038567269272
878,3,22,0.1724137931034483,0.0,22,0.07311377147684749
879,2,12,0.21052631578947367,0.08333333333333333,12,0.07969540880247418
880,1,8,0.2,0.0,8,0.06110292885897761
881,45,183,0.24736842105263157,0.060109289617486336,183,0.19755490017904384
882,26,136,0.1958041958041958,0.051470588235294115,136,0.14391704542862863
883,12,37,0.3181818181818182,0.10810810810810811,37,0.20875052828971674
885,2,8,0.26666666666666666,0.125,8,0.10404730759236569
886,2,16,0.17391304347826086,0.0625,16,0.06459561534990062
887,0,1,0.25,0.0,1,0.05337550047023718
888,6,25,0.25,0.04,25,0.13540058475837882
889,19,112,0.17647058823529413,0.05357142857142857,112,0.12246107061628372
890,26,103,0.2545454545454545,0.05825242718446602,103,0.1891360649800163
891,6,55,0.12903225806451613,0.0,55,0.06696368422523688
894,2685,11681,0.22989390828199863,0.07764746168992381,11681,0.22351881441827712
895,74,239,0.3089430894308943,0.09205020920502092,239,0.26147116659060665
896,1,13,0.15,0.0,13,0.04446484244557773
897,279,588,0.4722689075630252,0.20578231292517007,588,0.43868185501026696
899,2,11,0.2222222222222222,0.0,11,0.08464510203057857
907,2,18,0.16,0.0,18,0.05900834386487541
934,0,2,0.2222222222222222,0.0,2,0.046389263979611135
942,0,1,0.25,0.0,1,0.05337550047023718
943,0,1,0.25,0.0,1,0.05337550047023718
945,2744,6581,0.41681845780206433,0.168211518006382,6581,0.40684209478791145
946,0,4,0.18181818181818182,0.0,4,0.03677143788746509
955,0,2,0.2222222222222222,0.0,2,0.046389263979611135
956,3,9,0.3125,0.1111111111111111,9,0.14166397164215325
974,13,75,0.18292682926829268,0.06666666666666667,75,0.1177573767423144
979,0,2,0.2222222222222222,0.0,2,0.046389263979611135
984,0,5,0.16666666666666666,0.0,5,0.033319217684229845
997,0,2,0.2222222222222222,0.0,2,0.046389263979611135
1001,323,1833,0.1766304347826087,0.05782869612656847,1833,0.1622130121211973
1002,314,2015,0.1562809099901088,0.0456575682382134,2015,0.1431970668637325
1003,468,3006,0.15599070693660802,0.04324683965402528,3006,0.14525059620215816
1004,773,6777,0.11423938679245282,0.03305297329201712,6777,0.10795251589649521
1005,559,1914,0.2920353982300885,0.11598746081504702,1914,0.27509895190972744
1006,843,5700,0.1480637813211845,0.04175438596491228,5700,0.1404020573658223
1007,73,979,0.07606490872210954,0.018386108273748723,979,0.06269015270542955
1008,479,2669,0.179745889387145,0.049456725365305355,2669,0.16767622499960838
1009,1982,11961,0.1657754010695187,0.04481230666332246,11961,0.16021616747314074
1010,377,3174,0.11914492298019491,0.029615626969124134,3174,0.10983638922539711
1011,949,4523,0.2099337748344371,0.06743311961087774,4523,0.20005512435357187
1012,37,432,0.0888382687927107,0.020833333333333332,432,0.06764029313901591
1013,255,1503,0.17019867549668874,0.054557551563539586,1503,0.1545478655222307
1014,6911,19497,0.35444011484823623,0.13520028722367544,19497,0.3488148888806215
1015,1899,10756,0.1766236179503856,0.051785050204537005,10756,0.17061199045437905
1016,55,493,0.114,0.028397565922920892,493,0.09155272397044122
1017,108,891,0.12249443207126949,0.038159371492704826,891,0.10499792190570303
1018,4998,21047,0.23748456350337227,0.07027129757210053,21047,0.2326749396552077
1019,3167,13498,0.23465383191410588,0.07823381241665432,13498,0.22867822059149764
1020,287,2407,0.11971830985915492,0.035313668466971336,2407,0.10903430947331474
1021,10,246,0.04743083003952569,0.0040650406504065045,246,0.02770335862240305
1022,141,1073,0.13240740740740742,0.04193849021435228,1073,0.11584597332119989
1023,223,1500,0.1493032514930325,0.042,1500,0.13447626367905433
1024,13,158,0.09090909090909091,0.012658227848101266,158,0.057226345336216365
1025,3287,15581,0.21099563767000257,0.06174186509209935,15581,0.2056415768898034
1026,2053,9122,0.2251068024975353,0.07597018197763648,9122,0.2179515080523425
1027,159,1210,0.1322925225965489,0.03140495867768595,1210,0.11667428543358838
1028,112,1215,0.09328968903436989,0.023045267489711935,1215,0.07999843386193016
1029,1347,11576,0.11646378313044979,0.029198341395991707,11576,0.11159932612656023
1030,1729,8927,0.19375419744795164,0.05600985773496135,8927,0.18691570165809995
1031,1355,8943,0.1516201117318436,0.043833165604383315,8943,0.1454292240490109
1032,3910,14641,0.2670671764063353,0.09309473396625914,14641,0.26107263648726775
1033,162,1161,0.1404109589041096,0.03875968992248062,1161,0.1240539254534892
1034,1473,9744,0.15126653676545995,0.042487684729064036,9744,0.1453393148956038
1035,480,2034,0.23615874571288584,0.07669616519174041,2034,0.22084683415281223
1036,303,2162,0.14061779621945597,0.04301572617946346,2162,0.128533992566855
1037,1952,11894,0.1641878833711453,0.04935261476374643,11894,0.15863487331862808
1038,619,4465,0.13886404293381038,0.04053751399776036,4465,0.13045202798040356
1039,9,154,0.06832298136645963,0.01948051948051948,154,0.03903048802648202
1040,288,1521,0.18979057591623036,0.06180144641683103,1521,0.17352863221299172
1041,132,1014,0.13124387855044076,0.03747534516765286,1014,0.11428946882079448
1042,37,403,0.0951219512195122,0.017369727047146403,403,0.07249000320607309
1043,4235,16582,0.2554102115859907,0.0875648293330117,16582,0.24985794435126035
1044,76,755,0.10236220472440945,0.03443708609271523,755,0.08492303680361633
1045,173,1148,0.15151515151515152,0.047038327526132406,1148,0.13451801758225848
1046,496,2343,0.2119148936170213,0.08237302603499787,2343,0.19819192079444187
1047,171,1432,0.1202223766504517,0.03212290502793296,1432,0.10643121442312221
1048,236,1889,0.12552742616033755,0.03493912122816305,1889,0.11324329844295809
1049,832,5605,0.14861012116892375,0.04495985727029438,5605,0.1408724558567756
1050,347,2523,0.13794466403162056,0.031311930241775664,2523,0.12683481233883817
1051,637,5485,0.1163510560815732,0.02862351868732908,5485,0.10931508792249109
1052,273,1577,0.1736111111111111,0.05009511731135067,1577,0.15819897797929633
1053,181,1327,0.13718140929535233,0.044461190655614165,1327,0.12200808119064864
1054,308,2413,0.128099173553719,0.03812681309573145,2413,0.11710417264860738
1055,359,2048,0.175669099756691,0.05078125,2048,0.16204612663310944
1056,40,590,0.07035175879396985,0.0288135593220339,590,0.05400480005383997
1057,182,1586,0.1155053358443189,0.031525851197982346,1586,0.10261655206076808
1058,105,780,0.13595933926302414,0.03717948717948718,780,0.11641402055900313
1059,663,3845,0.17263759086188993,0.05097529258777633,3845,0.16272014625242115
1060,1,120,0.023622047244094488,0.0,120,0.006520349329625824
1061,454,4295,0.10599721059972106,0.028637951105937136,4295,0.09838367120957815
1062,1133,6782,0.16718220651053176,0.049837805956944856,6782,0.1597898962269303
1063,604,3347,0.1806797853309481,0.050791753809381536,3347,0.1698628452457411
1064,15,183,0.08947368421052632,0.0273224043715847,183,0.058123607403981224
1065,119,1105,0.10881294964028777,0.02986425339366516,1105,0.09386899758700777
1066,429,2371,0.18124474348191758,0.05314213412062421,2371,0.16840764661712712
1067,374,1647,0.22732769044740025,0.0734669095324833,1647,0.2105710944481795
1068,254,1696,0.15032295948326482,0.04481132075471698,1696,0.13631895289554322
1069,576,2755,0.20926864590876176,0.07404718693284937,2755,0.1966598677803604
1070,19,160,0.12574850299401197,0.01875,160,0.08635845680090815
1071,283,1769,0.16047297297297297,0.035613340870548335,1769,0.14637114879686852
1072,222,1673,0.13333333333333333,0.04363419007770472,1673,0.1199478194564131
1073,185,1456,0.12781954887218044,0.034340659340659344,1456,0.1137604288459998
1074,418,2321,0.18041237113402062,0.05170185264971995,2321,0.1674638338173641
1075,3408,13105,0.2600671140939597,0.08798168637924457,13105,0.25378687257433996
1076,133,929,0.14423076923076922,0.038751345532831,929,0.12579310254850623
1077,2627,12484,0.21047153950844608,0.06648510092918936,12484,0.2044987963910812
1078,130,1054,0.12441093308199812,0.018975332068311195,1054,0.10816325394083529
1079,167,1129,0.1487676056338028,0.05225863596102746,1129,0.1317662159591472
1080,256,1954,0.1315655277919429,0.03326509723643808,1954,0.1192302151511503
1081,170,1239,0.13804173354735153,0.052461662631154156,1239,0.12231066393020493
1082,56,602,0.09523809523809523,0.019933554817275746,602,0.07647123984033975
1083,116,854,0.13704994192799072,0.03629976580796253,854,0.11827303106642688
1084,653,3979,0.1643251379829403,0.05353103794923347,3979,0.15476839199159742
1085,2715,12349,0.21989316931045647,0.07069398331848732,12349,0.2137905258136102
1086,94,1250,0.07637231503579953,0.0224,1250,0.06444971893320607
1087,286,2129,0.1348314606741573,0.032409581963363084,2129,0.12287590807280646
1088,4758,12109,0.39286893364146586,0.16326699149393015,12109,0.3855811099869502
1089,114,1188,0.09707112970711297,0.021885521885521887,1188,0.08338310173876053
1090,1,15,0.13636363636363635,0.06666666666666667,15,0.040099536297474425
1091,1867,10699,0.17457500467027834,0.04420973922796523,10699,0.16857547523990654
1092,2220,11023,0.2014505893019039,0.05751610269436633,11023,0.19520009636593075
1093,2979,11440,0.26041757665763954,0.08767482517482518,11440,0.25369472379417046
1094,67,790,0.08657465495608532,0.02278481012658228,790,0.07081006697442825
1095,3313,13637,0.24296394019349166,0.08594265600938623,13637,0.23694633974841772
1096,2423,12638,0.19177540529853698,0.05459724639974679,12638,0.18604467104098296
1097,148,1189,0.1254180602006689,0.03700588730025231,1189,0.11003567280808009
1098,83,908,0.09289617486338798,0.019823788546255508,908,0.07764066758953207
1099,1006,6207,0.16221435468297393,0.04994361205091026,6207,0.15458495114773127
1100,227,1163,0.19572649572649573,0.061049011177987965,1163,0.17695458910867973
1101,533,3003,0.1777408637873754,0.04828504828504829,3003,0.16640401297012203
1102,2577,10167,0.25348928641635543,0.08458739057735812,10167,0.246423436921433
1103,189,1507,0.1261558784676354,0.027206370272063702,1507,0.11241051447675769
1104,402,3727,0.10819496518478842,0.034612288704051516,3727,0.0999555410328536
1105,142,1218,0.11755102040816326,0.025451559934318555,1218,0.10278343515747639
1106,90,984,0.09283551967709384,0.024390243902439025,984,0.0781604251625173
1107,63,634,0.10140405616224649,0.031545741324921134,634,0.08253835252414325
1108,527,4111,0.1284604176784847,0.04305521770858672,4111,0.1199885803102885
1109,725,6019,0.12064387653501493,0.03156670543279615,6019,0.11381512129529424
1110,17,438,0.04269662921348315,0.01141552511415525,438,0.028200593416621143
1111,57,825,0.07091346153846154,0.020606060606060607,825,0.056893529208484256
1112,469,3487,0.13480251860332,0.0401491253226269,3487,0.125420759672696
1113,214,1601,0.13432835820895522,0.03872579637726421,1601,0.12060780603024174
1114,516,3477,0.1486796785304248,0.04457865976416451,3477,0.13888261820642633
1115,3327,10884,0.30566522817004865,0.10768099963248806,10884,0.2984247848451729
1116,2409,10548,0.22842254855518712,0.07347364429275692,10548,0.22173084036588386
1117,1514,8645,0.17521960240406842,0.05147484094852516,8645,0.16854040828722022
1118,623,4937,0.12641585760517798,0.036256836135304844,4937,0.11872945837038529
1119,518,3886,0.13357307988697661,0.03216675244467319,3886,0.12471405992872361
1120,138,1070,0.12999071494893222,0.03271028037383177,1070,0.11354181407603701
1121,27,390,0.07304785894206549,0.015384615384615385,390,0.05288133898252831
1122,3139,11461,0.27389257063132194,0.08969548904982114,11461,0.2670655792903307
1123,217,1847,0.11812297734627832,0.030319436924742826,1847,0.10603503492883833
1124,1168,7865,0.1486280487804878,0.03890654799745709,7865,0.14208485427146375
1125,870,6876,0.12668894377451692,0.03388598022105876,6876,0.12015694220077451
1126,3116,11992,0.25985498791565964,0.09381254169446297,11992,0.2532927105204899
1127,1975,9078,0.21761144744083655,0.06928838951310862,9078,0.21052669556652703
1128,1237,6784,0.1824473567957591,0.060141509433962265,6784,0.17479257374166104
1129,77,1228,0.06396761133603239,0.01710097719869707,1228,0.052933991108072606
1130,789,6045,0.13070059484467944,0.0413564929693962,6045,0.12364424734703572
1131,217,1899,0.114900314795383,0.034228541337546076,1899,0.10312218081403614
1132,119,1219,0.09869494290375204,0.02378999179655455,1219,0.08507102711592902
1133,280,2465,0.11407766990291263,0.029614604462474645,2465,0.10374277535154995
1134,371,2986,0.1246241229535583,0.03248492967180174,2986,0.11483967238711339
1135,496,4140,0.12008680974198216,0.03671497584541063,4140,0.11189027747866
1136,10,244,0.04780876494023904,0.0,244,0.02792684493601007
1137,42,678,0.06423357664233577,0.016224188790560472,678,0.049592146068044206
1138,464,3726,0.12483257433699438,0.03569511540526033,3726,0.11605101997005793
1139,347,1735,0.20034443168771526,0.07435158501440922,1735,0.1847722972290828
1140,1021,5357,0.1907158836689038,0.06738846369236513,5357,0.18195942261075684
1141,536,3630,0.14792411328017596,0.04325068870523416,3630,0.13835348052271415
1142,286,2567,0.11188811188811189,0.03467082197117258,2567,0.10184418210891559
1143,216,2254,0.09641751437417072,0.023513753327417924,2254,0.08641612709410383
1144,1375,6895,0.19950738916256158,0.06758520667150109,6895,0.19164548070539972
1145,29,415,0.07345971563981042,0.021686746987951807,415,0.05380338246690674
1146,466,3215,0.1452513966480447,0.038258164852255055,3215,0.1351690561912547
1147,339,2818,0.12070796460176991,0.0319375443577005,2818,0.11078233137791105
1148,11,140,0.08843537414965986,0.03571428571428571,140,0.05347318868418392
1149,217,2238,0.09755011135857461,0.0290437890974084,2238,0.08745976277225598
1150,878,5188,0.1693936477382098,0.05319969159599075,5188,0.160907189984447
1151,221,2287,0.0972101133391456,0.028858766943594228,2287,0.08724185466100547
1152,451,2879,0.15696465696465697,0.045501910385550536,2879,0.14596521542716367
1153,335,3014,0.11155246607083748,0.02886529528865295,3014,0.10228104775482255
1154,1354,6791,0.1994704324801412,0.06758945663378,6791,0.19154956727206918
1155,239,2255,0.10654288240495137,0.027937915742793792,2255,0.09607596268338019
1156,375,2767,0.13590483056957461,0.042645464401879295,2767,0.12535562685183332
1157,1404,6096,0.23037850237588073,0.0707020997375328,6096,0.22156389885726008
1158,404,3913,0.10357142857142858,0.025300281114234602,3913,0.09568392755487475
1159,75,1100,0.06955736224028906,0.02181818181818182,1100,0.05744300137336121
1160,585,3559,0.16461020751542343,0.054228715931441414,3559,0.15450517536797923
1161,474,3691,0.12871822606814495,0.03413709021945272,3691,0.11977664800060885
1162,761,4829,0.15777502067824647,0.044315593290536345,4829,0.1492348154302207
1163,1120,4365,0.2566331198536139,0.09186712485681559,4365,0.24583246171845552
1164,491,3629,0.13558855885588558,0.04408928079360706,3629,0.12636629371125038
1165,271,1969,0.13815789473684212,0.041137633316404264,1969,0.12560391072666413
1166,366,2217,0.16546762589928057,0.05096977898060442,2217,0.1526824387886558
1167,223,2055,0.10911736178467507,0.029683698296836983,2055,0.09804556404842943
1168,571,3494,0.1636675235646958,0.051230681167716084,3494,0.15349423309434115
1169,594,3588,0.16578581363004172,0.04933110367892977,3588,0.15569171687775177
1170,1464,4843,0.3022680412371134,0.11418542225893041,4843,0.2914688739523002
1171,996,3866,0.2576813839400981,0.08199689601655458,3866,0.24619471115012248
1172,33,680,0.050946142649199416,0.008823529411764706,680,0.03793829908553126
1173,168,1982,0.08547008547008547,0.020181634712411706,1982,0.0754033490799795
1174,1171,3864,0.3030224748127099,0.10791925465838509,3864,0.29093234002133983
1175,17,183,0.1,0.01639344262295082,183,0.06683564766008612
1176,359,2291,0.15709312445604873,0.048886948930597994,2291,0.14478151314846766
1177,171,1551,0.1110397946084724,0.030303030303030304,1551,0.09824087737605491
1178,546,2967,0.18426361802286484,0.05999325918436131,2967,0.17269358048715788
1179,858,3623,0.2369146005509642,0.0767319900634833,3623,0.22539099105356067
1180,746,3214,0.2322260167649798,0.06907280647168637,3214,0.2200850856298359
1181,260,1836,0.14215952251763428,0.0457516339869281,1836,0.12900706771380954
1182,323,1810,0.17886626307099615,0.05082872928176796,1810,0.16428506694367595
1183,126,1301,0.09785932721712538,0.030745580322828592,1301,0.08470906235730045
1184,242,2011,0.12091179385530228,0.029338637493784188,2011,0.10919414580655372
1185,223,1625,0.13786764705882354,0.043076923076923075,1625,0.12409083129672419
1186,305,1567,0.19504447268106734,0.05679642629227824,1567,0.17884448999027264
1187,208,1305,0.1600609756097561,0.059770114942528735,1305,0.14371578545529723
1188,279,1995,0.14035964035964035,0.04160401002506266,1995,0.1278003841785754
1189,36,244,0.15139442231075698,0.020491803278688523,244,0.11589231261414007
1190,118,639,0.18575851393188855,0.06572769953051644,639,0.16117192456115262
1191,184,1205,0.15346534653465346,0.04896265560165975,1205,0.13677315930535672
1192,176,1253,0.14126984126984127,0.052673583399840386,1253,0.1254658961007786
1193,230,1092,0.2111010009099181,0.0695970695970696,1092,0.19116417536381042
1194,15,278,0.05964912280701754,0.01079136690647482,278,0.038496230203974
1195,17,294,0.06312292358803986,0.02040816326530612,294,0.041866483997565145
1196,62,184,0.33507853403141363,0.11413043478260869,184,0.2800272873451173
1197,229,1077,0.21309963099630996,0.07149489322191271,1077,0.19295512180608027
1198,5,190,0.03553299492385787,0.005263157894736842,190,0.01687956702947521
1199,235,1206,0.1953833470733718,0.05970149253731343,1206,0.17695433706761804
1200,71,544,0.132486388384755,0.04595588235294118,544,0.10953158682085914
1201,24,404,0.06326034063260341,0.022277227722772276,404,0.044811420332309636
1202,62,471,0.13389121338912133,0.03821656050955414,471,0.10919517848847024
1203,2,106,0.035398230088495575,0.0,106,0.012289537503681275
1204,43,339,0.13005780346820808,0.038348082595870206,339,0.10161639741655497
1205,42,432,0.10022779043280182,0.027777777777777776,432,0.07775656769604866
1206,50,286,0.17747440273037543,0.03496503496503497,286,0.14210923426669386
1207,7,196,0.04433497536945813,0.01020408163265306,196,0.02343721425285419
1208,101,595,0.17109634551495018,0.058823529411764705,595,0.1465045661277742
5000,1,47,0.05555555555555555,0.0,47,0.015604144736253935
5001,6,46,0.1509433962264151,0.06521739130434782,46,0.07892272447490889
5003,0,1,0.25,0.0,1,0.05337550047023718
5004,0,2,0.2222222222222222,0.0,2,0.046389263979611135
5007,4,20,0.2222222222222222,0.1,20,0.10559644892751713
5008,5,11,0.3888888888888889,0.2727272727272727,11,0.2119081548195657
5009,2,8,0.26666666666666666,0.0,8,0.10404730759236569
5010,0,4,0.18181818181818182,0.0,4,0.03677143788746509
5011,0,4,0.18181818181818182,0.0,4,0.03677143788746509
5012,1,4,0.2727272727272727,0.0,4,0.08726443391415033
5014,0,2,0.2222222222222222,0.0,2,0.046389263979611135
5015,1,4,0.2727272727272727,0.0,4,0.08726443391415033
5016,1,5,0.25,0.0,5,0.07882004566602895
5017,0,2,0.2222222222222222,0.0,2,0.046389263979611135
5018,1,4,0.2727272727272727,0.25,4,0.08726443391415033
5019,3,53,0.08333333333333333,0.0,53,0.033987176725468964
5020,39,122,0.3178294573643411,0.13114754098360656,122,0.2522692883436803
5021,1,12,0.15789473684210525,0.0,12,0.04702488429256185
5022,53,316,0.17027863777089783,0.05063291139240506,316,0.1371240126795978
5023,10,65,0.16666666666666666,0.07692307692307693,65,0.10052057640890996
5024,1,16,0.13043478260869565,0.0,16,0.03822351100641794
5025,0,3,0.2,0.0,3,0.041023167506996534
5026,4,25,0.1875,0.04,25,0.08781446714324877
5027,0,10,0.11764705882352941,0.0,10,0.022678782722445716
5028,0,3,0.2,0.0,3,0.041023167506996534
5029,0,3,0.2,0.0,3,0.041023167506996534
5030,0,16,0.08695652173913043,0.0,16,0.01639751631348414
5031,1,18,0.12,0.0,18,0.03495333483371806
5032,2,5,0.3333333333333333,0.2,5,0.13507547291964123
5033,4,10,0.35294117647058826,0.1,10,0.17776585168758843
5034,1,4,0.2727272727272727,0.0,4,0.08726443391415033
5035,1,9,0.1875,0.1111111111111111,9,0.05684686759024681
5036,0,1,0.25,0.0,1,0.05337550047023718
5037,0,1,0.25,0.0,1,0.05337550047023718
5038,0,1,0.25,0.0,1,0.05337550047023718
5039,3,18,0.2,0.05555555555555555,18,0.08588541243180764
5040,0,5,0.16666666666666666,0.0,5,0.033319217684229845
5041,497,2721,0.18291788856304986,0.05880191106210952,2721,0.17087848539699296
5042,0,28,0.05714285714285714,0.0,28,0.010553049708684007
5043,1,7,0.21428571428571427,0.0,7,0.06604956721630965
5044,0,2,0.2222222222222222,0.0,2,0.046389263979611135
5045,3,6,0.38461538461538464,0.16666666666666666,6,0.181024757242321
5046,1,6,0.23076923076923078,0.16666666666666666,6,0.07187025554226983
5047,1,4,0.2727272727272727,0.0,4,0.08726443391415033
5048,0,24,0.06451612903225806,0.0,24,0.011975800965209107
5049,0,2,0.2222222222222222,0.0,2,0.046389263979611135
5050,0,4,0.18181818181818182,0.0,4,0.03677143788746509
5051,1,2,0.3333333333333333,0.0,2,0.1111127066076292
5052,0,2,0.2222222222222222,0.0,2,0.046389263979611135
5053,9,170,0.062146892655367235,0.01764705882352941,170,0.03544209355493297
5054,15,120,0.13385826771653545,0.016666666666666666,120,0.08782630719885147
5055,8,39,0.21739130434782608,0.10256410256410256,39,0.12581857564346371
5056,3,19,0.19230769230769232,0.05263157894736842,19,0.08229089986124646
5057,1,12,0.15789473684210525,0.0,12,0.04702488429256185
5058,0,1,0.25,0.0,1,0.05337550047023718
5059,7,44,0.17647058823529413,0.0,44,0.09724809450859176
5060,0,6,0.15384615384615385,0.0,6,0.030460165659137187
5061,9,80,0.12643678160919541,0.0375,80,0.07341422361317383
5062,0,1,0.25,0.0,1,0.05337550047023718
5063,1,51,0.05172413793103448,0.0,51,0.014497388770103233
5064,6,108,0.06956521739130435,0.009259259259259259,108,0.03539513018206963
5065,1,3,0.3,0.0,3,0.09774681343927576
5066,0,5,0.16666666666666666,0.0,5,0.033319217684229845
5067,0,4,0.18181818181818182,0.0,4,0.03677143788746509
5068,1,17,0.125,0.0,17,0.03651529972590258
5069,1,18,0.12,0.0,18,0.03495333483371806
5070,0,22,0.06896551724137931,0.0,22,0.012841461997051407
5071,0,4,0.18181818181818182,0.0,4,0.03677143788746509
5072,1,2,0.3333333333333333,0.0,2,0.1111127066076292
5073,8,113,0.08333333333333333,0.017699115044247787,113,0.046299633312031116
5074,3,28,0.14285714285714285,0.07142857142857142,28,0.05978550300420238
5075,3,7,0.35714285714285715,0.2857142857142857,7,0.16565942671507178
5076,0,2,0.2222222222222222,0.0,2,0.046389263979611135
5077,2,3,0.4,0.0,3,0.168750495987324
5078,0,2,0.2222222222222222,0.0,2,0.046389263979611135
5079,0,2,0.2222222222222222,0.0,2,0.046389263979611135
5080,1,4,0.2727272727272727,0.0,4,0.08726443391415033
5081,0,2,0.2222222222222222,0.0,2,0.046389263979611135
5082,0,2,0.2222222222222222,0.0,2,0.046389263979611135
5083,3,9,0.3125,0.2222222222222222,9,0.14166397164215325
5084,0,2,0.2222222222222222,0.0,2,0.046389263979611135
5085,0,4,0.18181818181818182,0.0,4,0.03677143788746509
5086,97,1063,0.09252336448598131,0.022577610536218252,1063,0.07840440702756839
5087,0,8,0.13333333333333333,0.0,8,0.025999332600867814
5088,2,18,0.16,0.05555555555555555,18,0.05900834386487541
5089,31,264,0.12177121771217712,0.03787878787878788,264,0.09081243538903386
5090,0,6,0.15384615384615385,0.0,6,0.030460165659137187
5091,190,1013,0.18823529411764706,0.05725567620927937,1013,0.16846509803478277
5092,9,52,0.1864406779661017,0.019230769230769232,52,0.11015829139534034
5093,0,8,0.13333333333333333,0.0,8,0.025999332600867814
5094,41,321,0.13109756097560976,0.037383177570093455,321,0.10181742861549657
5095,0,8,0.13333333333333333,0.0,8,0.025999332600867814
5096,3,26,0.15151515151515152,0.038461538461538464,26,0.06365273175135745
5097,0,2,0.2222222222222222,0.0,2,0.046389263979611135
5098,8,101,0.09259259259259259,0.0297029702970297,101,0.05158381003691463
5099,0,7,0.14285714285714285,0.0,7,0.02805337732017585
5100,5,36,0.16279069767441862,0.05555555555555555,36,0.0809324751073797
5101,5,44,0.13725490196078433,0.0,44,0.06759669900355719
5102,1,17,0.125,0.058823529411764705,17,0.03651529972590258
5103,5,30,0.1891891891891892,0.03333333333333333,30,0.09499448663954843
5104,5,22,0.2413793103448276,0.09090909090909091,22,0.1236687094841518
5105,0,21,0.07142857142857142,0.0,21,0.013322991488137013
5106,0,1,0.25,0.0,1,0.05337550047023718
5107,0,8,0.13333333333333333,0.0,8,0.025999332600867814
5108,0,1,0.25,0.0,1,0.05337550047023718
5109,0,1,0.25,0.0,1,0.05337550047023718
5110,0,1,0.25,0.0,1,0.05337550047023718
5111,1,33,0.075,0.030303030303030304,33,0.02129418961477661
5112,1,16,0.13043478260869565,0.0,16,0.03822351100641794
5113,0,3,0.2,0.0,3,0.041023167506996534
5114,0,6,0.15384615384615385,0.0,6,0.030460165659137187
5115,282,982,0.2871587462082912,0.08859470468431772,982,0.26375238429797093
5116,2,11,0.2222222222222222,0.09090909090909091,11,0.08464510203057857
5117,0,1,0.25,0.0,1,0.05337550047023718
5118,0,1,0.25,0.0,1,0.05337550047023718
5119,4,28,0.17142857142857143,0.0,28,0.07976014841089632
5120,0,3,0.2,0.0,3,0.041023167506996534
5121,0,4,0.18181818181818182,0.0,4,0.03677143788746509
5122,0,1,0.25,0.0,1,0.05337550047023718
5123,0,2,0.2222222222222222,0.0,2,0.046389263979611135
5124,1,10,0.17647058823529413,0.1,10,0.05314598448266387
5125,0,5,0.16666666666666666,0.0,5,0.033319217684229845
5126,0,2,0.2222222222222222,0.0,2,0.046389263979611135
5127,15,154,0.10559006211180125,0.032467532467532464,154,0.06883935276512919
5128,0,1,0.25,0.0,1,0.05337550047023718
5129,2,5,0.3333333333333333,0.0,5,0.13507547291964123
5130,1,2,0.3333333333333333,0.0,2,0.1111127066076292
5131,0,2,0.2222222222222222,0.0,2,0.046389263979611135
5132,0,2,0.2222222222222222,0.0,2,0.046389263979611135
5133,0,2,0.2222222222222222,0.0,2,0.046389263979611135
5134,0,4,0.18181818181818182,0.0,4,0.03677143788746509
5135,163,449,0.3618421052631579,0.14253897550111358,449,0.3252106190755444
5136,1,4,0.2727272727272727,0.0,4,0.08726443391415033
5137,0,7,0.14285714285714285,0.0,7,0.02805337732017585
5138,0,2,0.2222222222222222,0.0,2,0.046389263979611135
5139,0,9,0.125,0.0,9,0.024225732468536623
5140,1,11,0.16666666666666666,0.0,11,0.04989815455742298
5141,2,12,0.21052631578947367,0.0,12,0.07969540880247418
5142,0,12,0.10526315789473684,0.0,12,0.020110675876131676
5143,0,2,0.2222222222222222,0.0,2,0.046389263979611135
5144,0,6,0.15384615384615385,0.0,6,0.030460165659137187
5145,0,12,0.10526315789473684,0.0,12,0.020110675876131676
5146,0,1,0.25,0.0,1,0.05337550047023718
5147,0,5,0.16666666666666666,0.0,5,0.033319217684229845
5148,1,5,0.25,0.0,5,0.07882004566602895
5149,0,12,0.10526315789473684,0.0,12,0.020110675876131676
5150,1,3,0.3,0.0,3,0.09774681343927576
5151,0,1,0.25,0.0,1,0.05337550047023718
5152,0,2,0.2222222222222222,0.0,2,0.046389263979611135
5153,0,2,0.2222222222222222,0.0,2,0.046389263979611135
5154,0,2,0.2222222222222222,0.0,2,0.046389263979611135
5155,1,13,0.15,0.0,13,0.04446484244557773
5156,0,2,0.2222222222222222,0.0,2,0.046389263979611135
5157,2,6,0.3076923076923077,0.3333333333333333,6,0.12285066324360105
5158,1,14,0.14285714285714285,0.0,14,0.04216940788577861
5160,0,2,0.2222222222222222,0.0,2,0.046389263979611135
5161,12,196,0.06896551724137931,0.025510204081632654,196,0.04238379652109112
5162,36,172,0.2122905027932961,0.06395348837209303,172,0.16403377514832132
5163,0,3,0.2,0.0,3,0.041023167506996534
5164,0,1,0.25,0.0,1,0.05337550047023718
5165,0,4,0.18181818181818182,0.0,4,0.03677143788746509
5166,0,3,0.2,0.0,3,0.041023167506996534
5167,0,11,0.1111111111111111,0.0,11,0.021317626921521112
5168,1,1,0.375,0.0,1,0.1287563928042427
5169,0,1,0.25,0.0,1,0.05337550047023718
5170,0,1,0.25,0.0,1,0.05337550047023718
5171,62,544,0.1161524500907441,0.034926470588235295,544,0.09453813919461228
5172,0,2,0.2222222222222222,0.0,2,0.046389263979611135
5173,1,5,0.25,0.0,5,0.07882004566602895
5174,1,3,0.3,0.0,3,0.09774681343927576
5175,0,2,0.2222222222222222,0.0,2,0.046389263979611135
5176,0,3,0.2,0.0,3,0.041023167506996534
5177,0,2,0.2222222222222222,0.0,2,0.046389263979611135
5178,0,1,0.25,0.0,1,0.05337550047023718
5179,0,2,0.2222222222222222,0.0,2,0.046389263979611135
5180,0,2,0.2222222222222222,0.0,2,0.046389263979611135
5181,0,1,0.25,0.0,1,0.05337550047023718
5182,1,38,0.06666666666666667,0.0,38,0.0188404679642711
5183,0,3,0.2,0.0,3,0.041023167506996534
5184,0,2,0.2222222222222222,0.0,2,0.046389263979611135
5185,0,6,0.15384615384615385,0.0,6,0.030460165659137187
5186,0,1,0.25,0.0,1,0.05337550047023718
5187,1,2,0.3333333333333333,0.0,2,0.1111127066076292
5188,1,10,0.17647058823529413,0.0,10,0.05314598448266387
5189,0,1,0.25,0.0,1,0.05337550047023718
5191,0,4,0.18181818181818182,0.0,4,0.03677143788746509
5192,0,1,0.25,0.0,1,0.05337550047023718
5193,0,1,0.25,0.0,1,0.05337550047023718
5194,0,11,0.1111111111111111,0.0,11,0.021317626921521112
5195,0,2,0.2222222222222222,0.0,2,0.046389263979611135
5196,0,2,0.2222222222222222,0.0,2,0.046389263979611135
5197,0,8,0.13333333333333333,0.0,8,0.025999332600867814
5198,0,1,0.25,0.0,1,0.05337550047023718
5199,34,387,0.09137055837563451,0.023255813953488372,387,0.06875713860967488
5200,0,2,0.2222222222222222,0.0,2,0.046389263979611135
5201,0,2,0.2222222222222222,0.0,2,0.046389263979611135
5202,2,14,0.19047619047619047,0.0,14,0.0713538843086182
5203,5100,15147,0.3366767850072588,0.11659074404172444,15147,0.3303748309260374
5204,0,4,0.18181818181818182,0.0,4,0.03677143788746509
5205,0,4,0.18181818181818182,0.0,4,0.03677143788746509
5206,0,8,0.13333333333333333,0.0,8,0.025999332600867814
5207,0,7,0.14285714285714285,0.0,7,0.02805337732017585
5208,0,17,0.08333333333333333,0.0,17,0.015674071195156656
5209,0,3,0.2,0.0,3,0.041023167506996534
5210,0,1,0.25,0.0,1,0.05337550047023718
5211,0,1,0.25,0.0,1,0.05337550047023718
5212,3159,7837,0.4029831718510964,0.16268980477223427,7837,0.39388823881088186
5213,2,6,0.3076923076923077,0.16666666666666666,6,0.12285066324360105
5214,1,4,0.2727272727272727,0.0,4,0.08726443391415033
5215,0,11,0.1111111111111111,0.0,11,0.021317626921521112
5216,0,1,0.25,0.0,1,0.05337550047023718
5217,22,333,0.07058823529411765,0.02702702702702703,333,0.049293786859544796
5218,0,6,0.15384615384615385,0.0,6,0.030460165659137187
5219,0,5,0.16666666666666666,0.0,5,0.033319217684229845
5220,2,11,0.2222222222222222,0.09090909090909091,11,0.08464510203057857
5221,0,1,0.25,0.0,1,0.05337550047023718
5222,0,7,0.14285714285714285,0.0,7,0.02805337732017585
5223,637,3717,0.17158968850698175,0.05273069679849341,3717,0.16152985100296627
5224,0,2,0.2222222222222222,0.0,2,0.046389263979611135
5225,0,1,0.25,0.0,1,0.05337550047023718
5226,0,2,0.2222222222222222,0.0,2,0.046389263979611135
5227,0,3,0.2,0.0,3,0.041023167506996534
5228,2,17,0.16666666666666666,0.0,17,0.06167551742109534
5229,9,164,0.06432748538011696,0.006097560975609756,164,0.036707644424705206
5230,29,214,0.14027149321266968,0.056074766355140186,214,0.10386415380745992
5231,0,1,0.25,0.0,1,0.05337550047023718
5232,0,1,0.25,0.0,1,0.05337550047023718
5233,1,2,0.3333333333333333,0.0,2,0.1111127066076292
5234,1,1,0.375,0.0,1,0.1287563928042427
5235,0,1,0.25,0.0,1,0.05337550047023718
5236,0,1,0.25,0.0,1,0.05337550047023718
5237,7,10,0.5294117647058824,0.3,10,0.3333741715249244
5238,0,2,0.2222222222222222,0.0,2,0.046389263979611135
5239,0,1,0.25,0.0,1,0.05337550047023718
5240,0,1,0.25,0.0,1,0.05337550047023718
5241,0,15,0.09090909090909091,0.0,15,0.01719099663247961
5242,42,124,0.33587786259541985,0.11290322580645161,124,0.26968466320736467
5243,1983,10636,0.18650756365686366,0.05660022564874013,10636,0.1803310764571496
5244,4,16,0.2608695652173913,0.0625,16,0.12603399790646957
5245,1,3,0.3,0.3333333333333333,3,0.09774681343927576
5246,0,2,0.2222222222222222,0.0,2,0.046389263979611135
5247,1,2,0.3333333333333333,0.0,2,0.1111127066076292
5248,0,9,0.125,0.0,9,0.024225732468536623
5249,0,4,0.18181818181818182,0.0,4,0.03677143788746509
5250,0,2,0.2222222222222222,0.0,2,0.046389263979611135
5251,0,2,0.2222222222222222,0.0,2,0.046389263979611135
5252,0,2,0.2222222222222222,0.0,2,0.046389263979611135
5253,1,2,0.3333333333333333,0.5,2,0.1111127066076292
5254,0,6,0.15384615384615385,0.0,6,0.030460165659137187
5255,0,3,0.2,0.0,3,0.041023167506996534
5256,0,3,0.2,0.0,3,0.041023167506996534
5257,0,1,0.25,0.0,1,0.05337550047023718
5258,0,2,0.2222222222222222,0.0,2,0.046389263979611135
5259,27,242,0.11646586345381527,0.024793388429752067,242,0.08492941644990298
5260,0,7,0.14285714285714285,0.0,7,0.02805337732017585
5261,0,1,0.25,0.0,1,0.05337550047023718
5262,0,1,0.25,0.0,1,0.05337550047023718
5263,0,1,0.25,0.0,1,0.05337550047023718
5264,21,99,0.2169811320754717,0.08080808080808081,99,0.15458121273079942
5265,0,11,0.1111111111111111,0.0,11,0.021317626921521112
5266,0,3,0.2,0.0,3,0.041023167506996534
5267,1,9,0.1875,0.0,9,0.05684686759024681
5268,36,525,0.07142857142857142,0.01904761904761905,525,0.05403861772762975
5269,6,38,0.17777777777777778,0.05263157894736842,38,0.09382226487756522
5270,0,19,0.07692307692307693,0.0,19,0.014403197979173658
5271,149,358,0.4136986301369863,0.1787709497206704,358,0.37161743797555363
5272,0,1,0.25,0.0,1,0.05337550047023718
5273,0,4,0.18181818181818182,0.0,4,0.03677143788746509
5274,0,2,0.2222222222222222,0.0,2,0.046389263979611135
5275,7,18,0.36,0.2222222222222222,18,0.2115655571970286
5276,0,2,0.2222222222222222,0.0,2,0.046389263979611135
5277,0,6,0.15384615384615385,0.0,6,0.030460165659137187
5278,0,3,0.2,0.0,3,0.041023167506996534
5279,0,2,0.2222222222222222,0.0,2,0.046389263979611135
5280,0,5,0.16666666666666666,0.0,5,0.033319217684229845
5281,0,5,0.16666666666666666,0.0,5,0.033319217684229845
5282,0,3,0.2,0.0,3,0.041023167506996534
5283,0,1,0.25,0.0,1,0.05337550047023718
5284,0,3,0.2,0.0,3,0.041023167506996534
5285,11,70,0.16883116883116883,0.014285714285714285,70,0.10425121060262797
5286,34,229,0.15254237288135594,0.03056768558951965,229,0.11586389638946268
5287,0,3,0.2,0.0,3,0.041023167506996534
5288,0,2,0.2222222222222222,0.0,2,0.046389263979611135
5289,0,4,0.18181818181818182,0.0,4,0.03677143788746509
5290,0,1,0.25,0.0,1,0.05337550047023718
5291,0,5,0.16666666666666666,0.0,5,0.033319217684229845
5292,1,1,0.375,0.0,1,0.1287563928042427
5293,0,2,0.2222222222222222,0.0,2,0.046389263979611135
5294,2,62,0.057971014492753624,0.016129032258064516,62,0.02034013087767421
5295,0,2,0.2222222222222222,0.0,2,0.046389263979611135
5296,0,6,0.15384615384615385,0.0,6,0.030460165659137187
5297,0,1,0.25,0.0,1,0.05337550047023718
5298,0,6,0.15384615384615385,0.0,6,0.030460165659137187
5299,36,208,0.17674418604651163,0.057692307692307696,208,0.13581906837401486
5300,0,1,0.25,0.0,1,0.05337550047023718
5301,0,14,0.09523809523809523,0.0,14,0.018065203085418632
5302,86,397,0.21782178217821782,0.0654911838790932,397,0.18489261756312972
5303,0,2,0.2222222222222222,0.0,2,0.046389263979611135
5304,15,46,0.32075471698113206,0.13043478260869565,46,0.2201676044707782
5305,43,151,0.2848101265822785,0.07947019867549669,151,0.22750441588759104
5306,6,37,0.18181818181818182,0.05405405405405406,37,0.09609049301550467
5307,0,4,0.18181818181818182,0.0,4,0.03677143788746509
5308,0,1,0.25,0.0,1,0.05337550047023718
5309,0,18,0.08,0.0,18,0.015011778763587415
5310,8,15,0.45454545454545453,0.26666666666666666,15,0.2858004780871762
5311,0,1,0.25,0.0,1,0.05337550047023718
5312,0,11,0.1111111111111111,0.0,11,0.021317626921521112
5313,0,1,0.25,0.0,1,0.05337550047023718
5314,12,50,0.24561403508771928,0.06,50,0.15792351094931079
5315,0,5,0.16666666666666666,0.0,5,0.033319217684229845
5316,22,91,0.24489795918367346,0.08791208791208792,91,0.17685359366541661
5317,2,29,0.1111111111111111,0.0,29,0.039992886167040366
5318,7,18,0.36,0.16666666666666666,18,0.2115655571970286
5319,0,5,0.16666666666666666,0.0,5,0.033319217684229845
5320,0,2,0.2222222222222222,0.0,2,0.046389263979611135
5321,42,248,0.17254901960784313,0.04435483870967742,248,0.13520984002346711
5322,0,1,0.25,0.0,1,0.05337550047023718
5323,0,2,0.2222222222222222,0.0,2,0.046389263979611135
5324,0,1,0.25,0.0,1,0.05337550047023718
5325,0,1,0.25,0.0,1,0.05337550047023718
5326,0,1,0.25,0.0,1,0.05337550047023718
5327,0,1,0.25,0.0,1,0.05337550047023718
5328,20,180,0.11764705882352941,0.011111111111111112,180,0.08144743875189552
5329,0,8,0.13333333333333333,0.0,8,0.025999332600867814
5330,0,1,0.25,0.0,1,0.05337550047023718
5331,0,1,0.25,0.0,1,0.05337550047023718
5332,0,3,0.2,0.0,3,0.041023167506996534
5333,0,1,0.25,0.0,1,0.05337550047023718
5334,7,17,0.375,0.17647058823529413,17,0.2216358491323707
5335,90,445,0.20353982300884957,0.058426966292134834,445,0.17318299635881448
5336,386,1537,0.25129533678756477,0.08002602472348731,1537,0.23332810943811275
5337,2,6,0.3076923076923077,0.16666666666666666,6,0.12285066324360105
5338,0,2,0.2222222222222222,0.0,2,0.046389263979611135
5339,4075,8370,0.4866897457323624,0.21481481481481482,8370,0.4777094719860942
5340,0,1,0.25,0.0,1,0.05337550047023718
5341,0,1,0.25,0.0,1,0.05337550047023718
5342,29,198,0.15121951219512195,0.05555555555555555,198,0.11217541036983565
5343,0,2,0.2222222222222222,0.0,2,0.046389263979611135
5344,0,2,0.2222222222222222,0.0,2,0.046389263979611135
5345,0,2,0.2222222222222222,0.0,2,0.046389263979611135
5346,0,1,0.25,0.0,1,0.05337550047023718
5347,0,1,0.25,0.0,1,0.05337550047023718
5348,0,6,0.15384615384615385,0.0,6,0.030460165659137187
5349,0,9,0.125,0.0,9,0.024225732468536623
5350,1,22,0.10344827586206896,0.0,22,0.029847073559198096
5351,0,2,0.2222222222222222,0.0,2,0.046389263979611135
5352,3,44,0.09803921568627451,0.0,44,0.04023659040211457
5353,2,8,0.26666666666666666,0.0,8,0.10404730759236569
5354,1,11,0.16666666666666666,0.0,11,0.04989815455742298
5355,0,1,0.25,0.0,1,0.05337550047023718
5356,1,1,0.375,1.0,1,0.1287563928042427
5357,0,1,0.25,0.0,1,0.05337550047023718
5358,0,4,0.18181818181818182,0.0,4,0.03677143788746509
5359,5,11,0.3888888888888889,0.09090909090909091,11,0.2119081548195657
5360,0,2,0.2222222222222222,0.0,2,0.046389263979611135
5361,2,6,0.3076923076923077,0.16666666666666666,6,0.12285066324360105
5362,0,2,0.2222222222222222,0.0,2,0.046389263979611135
5363,0,1,0.25,0.0,1,0.05337550047023718
5364,2,25,0.125,0.04,25,0.04530017302264189
5365,3,30,0.13513513513513514,0.03333333333333333,30,0.05636166797528034
5366,323,754,0.42706964520367935,0.1896551724137931,754,0.3977015202945682
5367,0,1,0.25,0.0,1,0.05337550047023718
5368,0,1,0.25,0.0,1,0.05337550047023718
5369,0,3,0.2,0.0,3,0.041023167506996534
5370,0,9,0.125,0.0,9,0.024225732468536623
5371,0,4,0.18181818181818182,0.0,4,0.03677143788746509
5372,9,34,0.2682926829268293,0.058823529411764705,34,0.16252149828879844
5373,0,1,0.25,0.0,1,0.05337550047023718
5374,0,8,0.13333333333333333,0.0,8,0.025999332600867814
5375,0,2,0.2222222222222222,0.0,2,0.046389263979611135
5376,4,23,0.2,0.043478260869565216,23,0.09415502607649036
5377,70,228,0.30638297872340425,0.10526315789473684,228,0.257965731072964
5378,35,134,0.2624113475177305,0.08955223880597014,134,0.20363629386833543
5379,0,2,0.2222222222222222,0.0,2,0.046389263979611135
5380,0,12,0.10526315789473684,0.0,12,0.020110675876131676
5381,0,2,0.2222222222222222,0.0,2,0.046389263979611135
5382,0,1,0.25,0.0,1,0.05337550047023718
5383,13,160,0.08982035928143713,0.01875,160,0.05652643780536605
5384,1,2,0.3333333333333333,0.0,2,0.1111127066076292
5385,0,1,0.25,0.0,1,0.05337550047023718
5386,3659,9971,0.3669071958308278,0.1441179420318925,9971,0.3589864451166649
5387,0,5,0.16666666666666666,0.0,5,0.033319217684229845
5388,0,2,0.2222222222222222,0.0,2,0.046389263979611135
5389,3,46,0.09433962264150944,0.0,46,0.03865693809058039
5390,10,92,0.12121212121212122,0.021739130434782608,92,0.07219751434951464
5391,0,1,0.25,0.0,1,0.05337550047023718
5392,1,15,0.13636363636363635,0.0,15,0.040099536297474425
5393,4,9,0.375,0.0,9,0.1908646861741716
5394,19,109,0.1810344827586207,0.03669724770642202,109,0.12574796896603732
5395,25,129,0.19852941176470587,0.046511627906976744,129,0.1450843948163207
5396,27,207,0.13551401869158877,0.03864734299516908,207,0.0991418186755436
5397,1,3,0.3,0.3333333333333333,3,0.09774681343927576
5398,0,1,0.25,0.0,1,0.05337550047023718
5399,0,5,0.16666666666666666,0.0,5,0.033319217684229845
5400,0,1,0.25,0.0,1,0.05337550047023718
5401,0,4,0.18181818181818182,0.0,4,0.03677143788746509
5402,0,1,0.25,0.0,1,0.05337550047023718
5403,0,2,0.2222222222222222,0.0,2,0.046389263979611135
5404,36,239,0.15447154471544716,0.02510460251046025,239,0.11830271537714329
5405,0,5,0.16666666666666666,0.0,5,0.033319217684229845
5406,0,1,0.25,0.0,1,0.05337550047023718
5407,0,1,0.25,0.0,1,0.05337550047023718
5408,3,49,0.08928571428571429,0.0,49,0.0365071655509729
5409,0,6,0.15384615384615385,0.0,6,0.030460165659137187
5410,0,3,0.2,0.0,3,0.041023167506996534
5411,9,130,0.08029197080291971,0.015384615384615385,130,0.046019883807508974
5412,2,2,0.4444444444444444,0.5,2,0.19290294999413107
5413,0,1,0.25,0.0,1,0.05337550047023718
5414,0,2,0.2222222222222222,0.0,2,0.046389263979611135
5415,1,14,0.14285714285714285,0.0,14,0.04216940788577861
5416,265,878,0.3016949152542373,0.10136674259681093,878,0.27658633875523353
5418,0,2,0.2222222222222222,0.0,2,0.046389263979611135
5419,0,3,0.2,0.0,3,0.041023167506996534
5420,3,68,0.06666666666666667,0.0,68,0.026999033540736874
5421,0,4,0.18181818181818182,0.0,4,0.03677143788746509
5422,0,1,0.25,0.0,1,0.05337550047023718
5423,0,2,0.2222222222222222,0.0,2,0.046389263979611135
5424,0,2,0.2222222222222222,0.0,2,0.046389263979611135
5425,0,4,0.18181818181818182,0.0,4,0.03677143788746509
5426,0,1,0.25,0.0,1,0.05337550047023718
5427,1,18,0.12,0.0,18,0.03495333483371806
5428,0,1,0.25,0.0,1,0.05337550047023718
5429,152,1453,0.10547945205479452,0.030970406056434963,1453,0.09257472561533514
5430,0,1,0.25,0.0,1,0.05337550047023718
5431,0,1,0.25,0.0,1,0.05337550047023718
5432,0,3,0.2,0.0,3,0.041023167506996534
5433,0,2,0.2222222222222222,0.0,2,0.046389263979611135
5434,0,3,0.2,0.0,3,0.041023167506996534
5435,1,27,0.08823529411764706,0.0,27,0.025238919183496494
5436,0,1,0.25,0.0,1,0.05337550047023718
5437,0,1,0.25,0.0,1,0.05337550047023718
5438,0,7,0.14285714285714285,0.0,7,0.02805337732017585
5439,0,1,0.25,0.0,1,0.05337550047023718
5440,3,14,0.23809523809523808,0.07142857142857142,14,0.1040808359101361
5441,3,13,0.25,0.15384615384615385,13,0.1099063700051813
5442,0,5,0.16666666666666666,0.0,5,0.033319217684229845
5443,0,15,0.09090909090909091,0.0,15,0.01719099663247961
5444,0,2,0.2222222222222222,0.0,2,0.046389263979611135
5445,0,18,0.08,0.0,18,0.015011778763587415
5446,0,1,0.25,0.0,1,0.05337550047023718
5447,53,317,0.1697530864197531,0.0694006309148265,317,0.1366917559342981
5448,0,1,0.25,0.0,1,0.05337550047023718
5449,1,4,0.2727272727272727,0.25,4,0.08726443391415033
5450,2,7,0.2857142857142857,0.2857142857142857,7,0.11266578079028225
5451,1,60,0.04477611940298507,0.0,60,0.012502253278045161
5452,0,3,0.2,0.0,3,0.041023167506996534
5453,0,1,0.25,0.0,1,0.05337550047023718
5454,36,107,0.3333333333333333,0.17757009345794392,107,0.26269118892916277
5455,1,21,0.10714285714285714,0.0,21,0.03097839323403543
5456,1,2,0.3333333333333333,0.0,2,0.1111127066076292
5457,0,3,0.2,0.0,3,0.041023167506996534
5459,0,3,0.2,0.0,3,0.041023167506996534
5460,16,127,0.13432835820895522,0.03937007874015748,127,0.08933429005390622
5461,1,3,0.3,0.3333333333333333,3,0.09774681343927576
5462,0,2,0.2222222222222222,0.0,2,0.046389263979611135
5463,0,1,0.25,0.0,1,0.05337550047023718
5464,19,68,0.28,0.058823529411764705,68,0.19869346520187306
5465,0,6,0.15384615384615385,0.0,6,0.030460165659137187
5466,0,1,0.25,0.0,1,0.05337550047023718
5467,0,1,0.25,0.0,1,0.05337550047023718
5468,0,1,0.25,0.0,1,0.05337550047023718
5469,7,63,0.12857142857142856,0.031746031746031744,63,0.06976515630016684
5470,30,102,0.29357798165137616,0.09803921568627451,102,0.22433885999483338
5471,210,665,0.31547619047619047,0.11879699248120301,665,0.28632436290507235
5472,94,268,0.3490909090909091,0.14925373134328357,268,0.3025162375425207
5473,509,1221,0.4161237785016287,0.1597051597051597,1221,0.39307316036653
5474,0,1,0.25,0.0,1,0.05337550047023718
5475,66,320,0.20795107033639143,0.075,320,0.17212829106521496
5476,0,1,0.25,0.0,1,0.05337550047023718
5477,0,3,0.2,0.0,3,0.041023167506996534
5478,0,7,0.14285714285714285,0.0,7,0.02805337732017585
5479,0,3,0.2,0.0,3,0.041023167506996534
5480,0,3,0.2,0.0,3,0.041023167506996534
5481,0,1,0.25,0.0,1,0.05337550047023718
5482,0,4,0.18181818181818182,0.0,4,0.03677143788746509
5483,0,1,0.25,0.0,1,0.05337550047023718
5484,0,5,0.16666666666666666,0.0,5,0.033319217684229845
5485,13,79,0.1744186046511628,0.05063291139240506,79,0.11204212165586529
5486,0,5,0.16666666666666666,0.0,5,0.033319217684229845
5487,8,64,0.14084507042253522,0.03125,64,0.07960271466095548
5488,0,22,0.06896551724137931,0.0,22,0.012841461997051407
5489,1,6,0.23076923076923078,0.0,6,0.07187025554226983
5490,0,1,0.25,0.0,1,0.05337550047023718
5491,0,2,0.2222222222222222,0.0,2,0.046389263979611135
5492,2,31,0.10526315789473684,0.03225806451612903,31,0.03778001026592486
5493,0,1,0.25,0.0,1,0.05337550047023718
5494,0,2,0.2222222222222222,0.0,2,0.046389263979611135
5495,119,365,0.32526881720430106,0.12602739726027398,365,0.285904213063048
5496,0,1,0.25,0.0,1,0.05337550047023718
5497,14,113,0.13333333333333333,0.035398230088495575,113,0.08618874504064464
5498,75,310,0.24290220820189273,0.06774193548387097,310,0.20428273079355502
5499,1,2,0.3333333333333333,0.5,2,0.1111127066076292
5500,0,3,0.2,0.0,3,0.041023167506996534
5501,0,2,0.2222222222222222,0.0,2,0.046389263979611135
5502,0,11,0.1111111111111111,0.0,11,0.021317626921521112
5503,1,10,0.17647058823529413,0.1,10,0.05314598448266387
5504,59,226,0.26180257510729615,0.084070796460177,226,0.21571044146421803
5505,2,8,0.26666666666666666,0.0,8,0.10404730759236569
5506,0,1,0.25,0.0,1,0.05337550047023718
5507,0,1,0.25,0.0,1,0.05337550047023718
5508,0,1,0.25,0.0,1,0.05337550047023718
5509,306,518,0.5866666666666667,0.3088803088803089,518,0.5511581651978985
5510,12,56,0.2222222222222222,0.08928571428571429,56,0.1419883664839793
5511,38,180,0.21390374331550802,0.06111111111111111,180,0.16649749631421143
5512,0,10,0.11764705882352941,0.0,10,0.022678782722445716
5513,9,74,0.13580246913580246,0.04054054054054054,74,0.07906370784792598
5514,19,74,0.25925925925925924,0.12162162162162163,74,0.1831310757610876
5515,0,1,0.25,0.0,1,0.05337550047023718
5516,2,6,0.3076923076923077,0.16666666666666666,6,0.12285066324360105
5517,83,496,0.16898608349900596,0.05846774193548387,496,0.14229495047172216
5518,1,4,0.2727272727272727,0.0,4,0.08726443391415033
5519,10,56,0.19047619047619047,0.03571428571428571,56,0.11565227765067476
5520,0,5,0.16666666666666666,0.0,5,0.033319217684229845
5521,0,9,0.125,0.0,9,0.024225732468536623
5522,2,5,0.3333333333333333,0.0,5,0.13507547291964123
5523,0,1,0.25,0.0,1,0.05337550047023718
5524,4,59,0.09090909090909091,0.0,59,0.040966902372541615
5525,152,1182,0.1295206055508831,0.03553299492385787,1182,0.11387139554248965
5526,1,4,0.2727272727272727,0.25,4,0.08726443391415033
5527,49,202,0.24401913875598086,0.07920792079207921,202,0.19668649927105009
5528,61,196,0.3103448275862069,0.11734693877551021,196,0.2581337470355944
5529,63,184,0.3403141361256545,0.125,184,0.2850171436318823
5530,0,6,0.15384615384615385,0.0,6,0.030460165659137187
5531,87,361,0.2418478260869565,0.055401662049861494,361,0.20599052293046796
5532,55,219,0.252212389380531,0.0730593607305936,219,0.2060673277024244
5533,17,84,0.2087912087912088,0.09523809523809523,84,0.14288057073041074
5534,9,59,0.16666666666666666,0.03389830508474576,59,0.09790358613057525
5535,1,4,0.2727272727272727,0.0,4,0.08726443391415033
5536,1,8,0.2,0.125,8,0.06110292885897761
5537,0,1,0.25,0.0,1,0.05337550047023718
5538,61,241,0.2540322580645161,0.0954356846473029,241,0.20980021293594686
5539,0,3,0.2,0.0,3,0.041023167506996534
5540,0,4,0.18181818181818182,0.0,4,0.03677143788746509
5541,3,21,0.17857142857142858,0.0,21,0.07593620431582014
5542,0,5,0.16666666666666666,0.0,5,0.033319217684229845
5543,0,2,0.2222222222222222,0.0,2,0.046389263979611135
5544,0,1,0.25,0.0,1,0.05337550047023718
5545,0,14,0.09523809523809523,0.0,14,0.018065203085418632
5546,1,5,0.25,0.0,5,0.07882004566602895
5547,1,9,0.1875,0.1111111111111111,9,0.05684686759024681
5548,0,3,0.2,0.0,3,0.041023167506996534
5549,1,5,0.25,0.0,5,0.07882004566602895
5550,0,1,0.25,0.0,1,0.05337550047023718
5551,0,1,0.25,0.0,1,0.05337550047023718
5552,0,3,0.2,0.0,3,0.041023167506996534
5553,0,2,0.2222222222222222,0.0,2,0.046389263979611135
5554,0,2,0.2222222222222222,0.0,2,0.046389263979611135
5555,2,4,0.36363636363636365,0.25,4,0.15002824080667998
5556,0,2,0.2222222222222222,0.0,2,0.046389263979611135
5557,0,8,0.13333333333333333,0.0,8,0.025999332600867814
5558,2,4,0.36363636363636365,0.0,4,0.15002824080667998
5562,0,2,0.2222222222222222,0.0,2,0.046389263979611135
5563,0,5,0.16666666666666666,0.0,5,0.033319217684229845
5566,0,2,0.2222222222222222,0.0,2,0.046389263979611135
5567,0,2,0.2222222222222222,0.0,2,0.046389263979611135
5568,60,172,0.3463687150837989,0.12790697674418605,172,0.2890058168815532
5569,0,4,0.18181818181818182,0.0,4,0.03677143788746509
5570,0,9,0.125,0.0,9,0.024225732468536623
5571,0,1,0.25,0.0,1,0.05337550047023718
5572,0,1,0.25,0.0,1,0.05337550047023718
5573,3,18,0.2,0.0,18,0.08588541243180764
5574,0,6,0.15384615384615385,0.0,6,0.030460165659137187
5575,161,343,0.4657142857142857,0.19825072886297376,343,0.4220225154586664
5576,0,3,0.2,0.0,3,0.041023167506996534
5577,1,2,0.3333333333333333,0.5,2,0.1111127066076292
5578,2,34,0.0975609756097561,0.0,34,0.03488485387651704
5579,0,2,0.2222222222222222,0.0,2,0.046389263979611135
5580,1,6,0.23076923076923078,0.0,6,0.07187025554226983
5581,2,6,0.3076923076923077,0.16666666666666666,6,0.12285066324360105
5583,2,5,0.3333333333333333,0.2,5,0.13507547291964123
5584,0,1,0.25,0.0,1,0.05337550047023718
5585,310,609,0.5064935064935064,0.23973727422003285,609,0.4733707362168616
5586,1,4,0.2727272727272727,0.25,4,0.08726443391415033
5587,0,2,0.2222222222222222,0.0,2,0.046389263979611135
5588,0,1,0.25,0.0,1,0.05337550047023718
5589,0,2,0.2222222222222222,0.0,2,0.046389263979611135
5593,1,4,0.2727272727272727,0.0,4,0.08726443391415033
5594,0,2,0.2222222222222222,0.0,2,0.046389263979611135
5595,0,2,0.2222222222222222,0.0,2,0.046389263979611135
5596,50,150,0.33121019108280253,0.12666666666666668,150,0.270845036443747
5597,0,4,0.18181818181818182,0.0,4,0.03677143788746509
5598,0,1,0.25,0.0,1,0.05337550047023718
5599,1,2,0.3333333333333333,0.0,2,0.1111127066076292
5600,2,2,0.4444444444444444,0.0,2,0.19290294999413107
5601,0,4,0.18181818181818182,0.0,4,0.03677143788746509
5602,0,2,0.2222222222222222,0.0,2,0.046389263979611135
5604,2,2,0.4444444444444444,0.5,2,0.19290294999413107
5605,0,2,0.2222222222222222,0.0,2,0.046389263979611135
5607,0,4,0.18181818181818182,0.0,4,0.03677143788746509
5608,0,2,0.2222222222222222,0.0,2,0.046389263979611135
5609,2,13,0.2,0.07692307692307693,13,0.0752938165688757
5610,0,3,0.2,0.0,3,0.041023167506996534
5611,1,2,0.3333333333333333,0.0,2,0.1111127066076292
5612,0,2,0.2222222222222222,0.0,2,0.046389263979611135
5617,0,2,0.2222222222222222,0.0,2,0.046389263979611135
5618,0,1,0.25,0.0,1,0.05337550047023718
5619,14,76,0.1927710843373494,0.06578947368421052,76,0.12639184006836282
5620,49,130,0.3722627737226277,0.14615384615384616,130,0.30562236853412134
5621,41,107,0.37719298245614036,0.102803738317757,107,0.30405571336390685
5622,0,4,0.18181818181818182,0.0,4,0.03677143788746509
5623,1,9,0.1875,0.0,9,0.05684686759024681
5624,0,1,0.25,0.0,1,0.05337550047023718
5625,45,208,0.2186046511627907,0.0673076923076923,208,0.17387225183973065
5626,88,257,0.3409090909090909,0.14007782101167315,257,0.293696666019614
5627,80,241,0.33064516129032256,0.12448132780082988,241,0.2823827946841314
5628,0,1,0.25,0.0,1,0.05337550047023718
5629,0,4,0.18181818181818182,0.0,4,0.03677143788746509
5630,1,4,0.2727272727272727,0.25,4,0.08726443391415033
5631,1,2,0.3333333333333333,0.0,2,0.1111127066076292
5632,0,2,0.2222222222222222,0.0,2,0.046389263979611135
5633,0,2,0.2222222222222222,0.0,2,0.046389263979611135
5636,1,2,0.3333333333333333,0.0,2,0.1111127066076292
5639,0,2,0.2222222222222222,0.0,2,0.046389263979611135
5640,0,9,0.125,0.0,9,0.024225732468536623
5641,6,49,0.14285714285714285,0.02040816326530612,49,0.07448799573746354
5642,1,7,0.21428571428571427,0.14285714285714285,7,0.06604956721630965
5643,2,6,0.3076923076923077,0.16666666666666666,6,0.12285066324360105
5644,1,8,0.2,0.125,8,0.06110292885897761
5645,0,1,0.25,0.0,1,0.05337550047023718
5646,0,3,0.2,0.0,3,0.041023167506996534
5647,2,2,0.4444444444444444,0.0,2,0.19290294999413107
5648,0,2,0.2222222222222222,0.0,2,0.046389263979611135
