win_prob_min,min_ev,min_odds,max_odds,tune_n_main,tune_main_hits,tune_main_roi,tune_final,valid_n_main,valid_main_hits,valid_main_roi,valid_final
0.1,1.0,7.0,15.0,43,4,-0.1744186046511628,822500.0,20,1,-0.64,889200.0
0.12,1.0,7.0,15.0,43,4,-0.1744186046511628,822500.0,20,1,-0.64,889200.0
0.12,1.2,7.0,15.0,36,3,-0.225,821900.0,16,1,-0.55,893200.0
0.1,1.2,7.0,15.0,36,3,-0.225,821900.0,16,1,-0.55,893200.0
0.15,1.1,7.0,15.0,26,2,-0.3346153846153846,821300.0,12,1,-0.4,897200.0
0.15,1.2,7.0,15.0,26,2,-0.3346153846153846,821300.0,12,1,-0.4,897200.0
0.15,1.0,7.0,15.0,26,2,-0.3346153846153846,821300.0,12,1,-0.4,897200.0
0.1,2.0,5.0,15.0,24,2,-0.36666666666666664,821200.0,10,1,-0.28,899200.0
0.12,2.0,5.0,15.0,24,2,-0.36666666666666664,821200.0,10,1,-0.28,899200.0
0.12,2.0,3.0,15.0,24,2,-0.36666666666666664,821200.0,10,1,-0.28,899200.0
0.15,2.0,3.0,15.0,24,2,-0.36666666666666664,821200.0,10,1,-0.28,899200.0
0.15,2.0,5.0,15.0,24,2,-0.36666666666666664,821200.0,10,1,-0.28,899200.0
0.1,2.0,3.0,15.0,24,2,-0.36666666666666664,821200.0,10,1,-0.28,899200.0
0.1,1.3,10.0,15.0,20,1,-0.47,820600.0,8,0,-1.0,894000.0
0.12,1.2,10.0,15.0,20,1,-0.47,820600.0,9,0,-1.0,893000.0
0.12,1.0,10.0,15.0,20,1,-0.47,820600.0,9,0,-1.0,893000.0
0.12,1.1,10.0,15.0,20,1,-0.47,820600.0,9,0,-1.0,893000.0
0.1,1.1,10.0,15.0,20,1,-0.47,820600.0,9,0,-1.0,893000.0
0.12,1.3,10.0,15.0,20,1,-0.47,820600.0,8,0,-1.0,894000.0
0.1,1.0,10.0,15.0,20,1,-0.47,820600.0,9,0,-1.0,893000.0
0.1,1.2,10.0,15.0,20,1,-0.47,820600.0,9,0,-1.0,893000.0
0.15,2.0,7.0,15.0,19,1,-0.5157894736842106,820200.0,9,1,-0.2,900200.0
0.1,2.0,7.0,15.0,19,1,-0.5157894736842106,820200.0,9,1,-0.2,900200.0
0.12,2.0,7.0,15.0,19,1,-0.5157894736842106,820200.0,9,1,-0.2,900200.0
0.12,1.1,7.0,15.0,38,3,-0.2657894736842105,819900.0,17,1,-0.5764705882352941,892200.0
0.1,1.1,7.0,15.0,38,3,-0.2657894736842105,819900.0,17,1,-0.5764705882352941,892200.0
0.15,1.2,7.0,20.0,29,2,-0.40344827586206894,818300.0,16,1,-0.55,893200.0
0.15,1.1,7.0,20.0,29,2,-0.40344827586206894,818300.0,16,1,-0.55,893200.0
0.15,1.0,7.0,20.0,29,2,-0.40344827586206894,818300.0,16,1,-0.55,893200.0
0.15,2.0,5.0,20.0,27,2,-0.43703703703703706,818200.0,14,1,-0.4857142857142857,895200.0
0.15,2.0,3.0,20.0,27,2,-0.43703703703703706,818200.0,14,1,-0.4857142857142857,895200.0
0.15,1.3,10.0,15.0,12,0,-1.0,818000.0,5,0,-1.0,897000.0
0.15,1.4,10.0,15.0,12,0,-1.0,818000.0,5,0,-1.0,897000.0
0.15,1.5,10.0,15.0,12,0,-1.0,818000.0,5,0,-1.0,897000.0
0.15,1.2,10.0,15.0,12,0,-1.0,818000.0,5,0,-1.0,897000.0
0.15,1.75,10.0,15.0,12,0,-1.0,818000.0,5,0,-1.0,897000.0
0.15,1.1,10.0,15.0,12,0,-1.0,818000.0,5,0,-1.0,897000.0
0.15,1.0,10.0,15.0,12,0,-1.0,818000.0,5,0,-1.0,897000.0
0.12,2.0,10.0,15.0,12,0,-1.0,818000.0,5,0,-1.0,897000.0
0.1,2.0,10.0,15.0,12,0,-1.0,818000.0,5,0,-1.0,897000.0
0.15,2.0,10.0,15.0,12,0,-1.0,818000.0,5,0,-1.0,897000.0
0.12,1.0,7.0,20.0,48,4,-0.2604166666666667,817500.0,26,1,-0.7230769230769231,883200.0
0.15,1.75,3.0,15.0,34,3,-0.36764705882352944,817500.0,13,1,-0.4461538461538462,896200.0
0.1,1.0,7.0,20.0,48,4,-0.2604166666666667,817500.0,26,1,-0.7230769230769231,883200.0
0.15,1.75,5.0,15.0,34,3,-0.36764705882352944,817500.0,13,1,-0.4461538461538462,896200.0
0.15,1.75,7.0,15.0,22,1,-0.5818181818181818,817200.0,11,1,-0.34545454545454546,898200.0
0.15,2.0,7.0,20.0,22,1,-0.5818181818181818,817200.0,13,1,-0.4461538461538462,896200.0
0.12,1.2,7.0,20.0,41,3,-0.3195121951219512,816900.0,22,1,-0.6727272727272727,887200.0
0.1,1.2,7.0,20.0,41,3,-0.3195121951219512,816900.0,22,1,-0.6727272727272727,887200.0
0.12,1.2,5.0,15.0,59,6,-0.22203389830508474,816900.0,26,1,-0.7230769230769231,883200.0
0.1,1.2,5.0,15.0,59,6,-0.22203389830508474,816900.0,26,1,-0.7230769230769231,883200.0
0.12,1.2,3.0,15.0,72,9,-0.1875,816500.0,36,3,-0.55,882200.0
0.1,1.2,3.0,15.0,72,9,-0.1875,816500.0,36,3,-0.55,882200.0
0.15,1.2,5.0,15.0,49,5,-0.2795918367346939,816300.0,22,1,-0.6727272727272727,887200.0
0.12,2.0,5.0,20.0,29,2,-0.47586206896551725,816200.0,16,1,-0.55,893200.0
0.12,2.0,3.0,20.0,29,2,-0.47586206896551725,816200.0,16,1,-0.55,893200.0
0.1,2.0,3.0,20.0,29,2,-0.47586206896551725,816200.0,16,1,-0.55,893200.0
0.1,2.0,5.0,20.0,29,2,-0.47586206896551725,816200.0,16,1,-0.55,893200.0
0.1,1.75,10.0,15.0,14,0,-1.0,816000.0,8,0,-1.0,894000.0
0.12,1.75,10.0,15.0,14,0,-1.0,816000.0,8,0,-1.0,894000.0
0.15,1.2,3.0,15.0,62,8,-0.22741935483870968,815900.0,32,3,-0.49375,886200.0
0.1,1.3,10.0,20.0,25,1,-0.576,815600.0,14,0,-1.0,888000.0
0.1,1.2,10.0,20.0,25,1,-0.576,815600.0,15,0,-1.0,887000.0
0.12,1.2,10.0,20.0,25,1,-0.576,815600.0,15,0,-1.0,887000.0
0.12,1.0,10.0,20.0,25,1,-0.576,815600.0,15,0,-1.0,887000.0
0.1,1.0,10.0,20.0,25,1,-0.576,815600.0,15,0,-1.0,887000.0
0.12,1.1,10.0,20.0,25,1,-0.576,815600.0,15,0,-1.0,887000.0
0.12,1.3,10.0,20.0,25,1,-0.576,815600.0,14,0,-1.0,888000.0
0.1,1.1,10.0,20.0,25,1,-0.576,815600.0,15,0,-1.0,887000.0
0.12,1.75,5.0,15.0,36,3,-0.4027777777777778,815500.0,16,1,-0.55,893200.0
0.1,1.75,3.0,15.0,36,3,-0.4027777777777778,815500.0,16,1,-0.55,893200.0
0.1,1.75,5.0,15.0,36,3,-0.4027777777777778,815500.0,16,1,-0.55,893200.0
0.12,1.75,3.0,15.0,36,3,-0.4027777777777778,815500.0,16,1,-0.55,893200.0
0.12,1.3,3.0,15.0,65,8,-0.2246153846153846,815400.0,31,2,-0.6258064516129033,882600.0
0.1,1.3,3.0,15.0,65,8,-0.2246153846153846,815400.0,31,2,-0.6258064516129033,882600.0
0.15,1.2,7.0,30.0,32,2,-0.459375,815300.0,18,1,-0.6,891200.0
0.15,1.1,7.0,30.0,32,2,-0.459375,815300.0,18,1,-0.6,891200.0
0.15,1.0,7.0,30.0,32,2,-0.459375,815300.0,18,1,-0.6,891200.0
0.1,1.75,7.0,15.0,24,1,-0.6166666666666667,815200.0,14,1,-0.4857142857142857,895200.0
0.12,2.0,7.0,20.0,24,1,-0.6166666666666667,815200.0,15,1,-0.52,894200.0
0.12,1.75,7.0,15.0,24,1,-0.6166666666666667,815200.0,14,1,-0.4857142857142857,895200.0
0.15,2.0,3.0,30.0,30,2,-0.49333333333333335,815200.0,16,1,-0.55,893200.0
0.15,1.4,7.0,15.0,24,1,-0.6166666666666667,815200.0,12,1,-0.4,897200.0
0.15,1.5,7.0,15.0,24,1,-0.6166666666666667,815200.0,12,1,-0.4,897200.0
0.1,2.0,7.0,20.0,24,1,-0.6166666666666667,815200.0,15,1,-0.52,894200.0
0.15,2.0,5.0,30.0,30,2,-0.49333333333333335,815200.0,16,1,-0.55,893200.0
0.15,1.75,10.0,20.0,15,0,-1.0,815000.0,9,0,-1.0,893000.0
0.15,1.3,10.0,20.0,15,0,-1.0,815000.0,9,0,-1.0,893000.0
0.15,1.4,10.0,20.0,15,0,-1.0,815000.0,9,0,-1.0,893000.0
0.15,2.0,10.0,20.0,15,0,-1.0,815000.0,9,0,-1.0,893000.0
0.15,1.2,10.0,20.0,15,0,-1.0,815000.0,9,0,-1.0,893000.0
0.15,1.5,10.0,20.0,15,0,-1.0,815000.0,9,0,-1.0,893000.0
0.15,1.1,10.0,20.0,15,0,-1.0,815000.0,9,0,-1.0,893000.0
0.15,1.0,10.0,20.0,15,0,-1.0,815000.0,9,0,-1.0,893000.0
0.1,1.1,7.0,20.0,43,3,-0.3511627906976744,814900.0,23,1,-0.6869565217391305,886200.0
0.12,1.1,7.0,20.0,43,3,-0.3511627906976744,814900.0,23,1,-0.6869565217391305,886200.0
0.15,1.3,3.0,15.0,55,7,-0.27636363636363637,814800.0,28,2,-0.5857142857142857,885600.0
0.1,1.3,7.0,15.0,35,2,-0.4342857142857143,814800.0,15,1,-0.52,894200.0
0.12,1.3,7.0,15.0,35,2,-0.4342857142857143,814800.0,15,1,-0.52,894200.0
0.15,1.75,3.0,20.0,37,3,-0.4189189189189189,814500.0,17,1,-0.5764705882352941,892200.0
0.15,1.75,5.0,20.0,37,3,-0.4189189189189189,814500.0,17,1,-0.5764705882352941,892200.0
0.15,1.1,7.0,50.0,33,2,-0.47575757575757577,814300.0,20,1,-0.64,889200.0
0.15,1.0,7.0,50.0,33,2,-0.47575757575757577,814300.0,20,1,-0.64,889200.0
0.15,1.2,7.0,50.0,33,2,-0.47575757575757577,814300.0,20,1,-0.64,889200.0
0.15,1.75,7.0,20.0,25,1,-0.632,814200.0,15,1,-0.52,894200.0
0.15,2.0,7.0,30.0,25,1,-0.632,814200.0,15,1,-0.52,894200.0
0.15,2.0,5.0,50.0,31,2,-0.5096774193548387,814200.0,18,1,-0.6,891200.0
0.15,2.0,3.0,50.0,31,2,-0.5096774193548387,814200.0,18,1,-0.6,891200.0
0.15,1.3,7.0,15.0,25,1,-0.632,814200.0,12,1,-0.4,897200.0
0.15,1.5,5.0,15.0,43,4,-0.3674418604651163,814200.0,16,1,-0.55,893200.0
0.12,1.0,7.0,30.0,52,4,-0.3173076923076923,813500.0,30,1,-0.76,879200.0
0.1,1.0,7.0,30.0,52,4,-0.3173076923076923,813500.0,30,1,-0.76,879200.0
0.15,1.2,5.0,20.0,52,5,-0.3211538461538462,813300.0,26,1,-0.7230769230769231,883200.0
0.15,2.0,7.0,50.0,26,1,-0.6461538461538462,813200.0,17,1,-0.5764705882352941,892200.0
0.12,1.5,10.0,15.0,17,0,-1.0,813000.0,8,0,-1.0,894000.0
0.12,2.0,10.0,20.0,17,0,-1.0,813000.0,11,0,-1.0,891000.0
0.1,2.0,10.0,20.0,17,0,-1.0,813000.0,11,0,-1.0,891000.0
0.1,1.5,10.0,15.0,17,0,-1.0,813000.0,8,0,-1.0,894000.0
0.12,1.2,7.0,30.0,45,3,-0.38,812900.0,26,1,-0.7230769230769231,883200.0
0.1,1.2,7.0,30.0,45,3,-0.38,812900.0,26,1,-0.7230769230769231,883200.0
0.15,1.2,3.0,20.0,65,8,-0.2630769230769231,812900.0,36,3,-0.55,882200.0
0.15,1.1,5.0,15.0,53,5,-0.3339622641509434,812300.0,24,1,-0.7,885200.0
0.1,2.0,5.0,30.0,33,2,-0.5393939393939394,812200.0,20,1,-0.64,889200.0
0.15,1.5,7.0,20.0,27,1,-0.6592592592592592,812200.0,16,1,-0.55,893200.0
0.15,1.4,7.0,20.0,27,1,-0.6592592592592592,812200.0,16,1,-0.55,893200.0
0.1,2.0,3.0,30.0,33,2,-0.5393939393939394,812200.0,20,1,-0.64,889200.0
0.15,1.5,3.0,15.0,45,4,-0.39555555555555555,812200.0,18,2,-0.35555555555555557,895600.0
0.12,2.0,3.0,30.0,33,2,-0.5393939393939394,812200.0,20,1,-0.64,889200.0
0.12,2.0,5.0,30.0,33,2,-0.5393939393939394,812200.0,20,1,-0.64,889200.0
0.15,1.3,10.0,30.0,18,0,-1.0,812000.0,11,0,-1.0,891000.0
0.15,1.2,10.0,30.0,18,0,-1.0,812000.0,11,0,-1.0,891000.0
0.15,1.75,10.0,30.0,18,0,-1.0,812000.0,11,0,-1.0,891000.0
0.15,1.1,10.0,30.0,18,0,-1.0,812000.0,11,0,-1.0,891000.0
0.15,1.4,10.0,30.0,18,0,-1.0,812000.0,11,0,-1.0,891000.0
0.15,1.0,10.0,30.0,18,0,-1.0,812000.0,11,0,-1.0,891000.0
0.1,1.4,10.0,15.0,18,0,-1.0,812000.0,8,0,-1.0,894000.0
0.15,1.5,10.0,30.0,18,0,-1.0,812000.0,11,0,-1.0,891000.0
0.15,2.0,10.0,30.0,18,0,-1.0,812000.0,11,0,-1.0,891000.0
0.12,1.4,10.0,15.0,18,0,-1.0,812000.0,8,0,-1.0,894000.0
0.12,1.2,5.0,20.0,64,6,-0.2828125,811900.0,32,1,-0.775,877200.0
0.1,1.2,5.0,20.0,64,6,-0.2828125,811900.0,32,1,-0.775,877200.0
0.15,1.3,3.0,20.0,58,7,-0.3137931034482759,811800.0,32,2,-0.6375,881600.0
0.12,1.0,10.0,30.0,29,1,-0.6344827586206897,811600.0,19,0,-1.0,883000.0
0.1,1.0,10.0,30.0,29,1,-0.6344827586206897,811600.0,19,0,-1.0,883000.0
0.12,1.1,10.0,30.0,29,1,-0.6344827586206897,811600.0,19,0,-1.0,883000.0
0.1,1.3,10.0,30.0,29,1,-0.6344827586206897,811600.0,18,0,-1.0,884000.0
0.1,1.1,10.0,30.0,29,1,-0.6344827586206897,811600.0,19,0,-1.0,883000.0
0.1,1.2,10.0,30.0,29,1,-0.6344827586206897,811600.0,19,0,-1.0,883000.0
0.12,1.2,10.0,30.0,29,1,-0.6344827586206897,811600.0,19,0,-1.0,883000.0
0.12,1.3,10.0,30.0,29,1,-0.6344827586206897,811600.0,18,0,-1.0,884000.0
0.1,1.2,3.0,20.0,77,9,-0.24025974025974026,811500.0,42,3,-0.6142857142857143,876200.0
0.15,1.75,3.0,30.0,40,3,-0.4625,811500.0,19,1,-0.6210526315789474,890200.0
0.15,1.75,5.0,30.0,40,3,-0.4625,811500.0,19,1,-0.6210526315789474,890200.0
0.12,1.2,3.0,20.0,77,9,-0.24025974025974026,811500.0,42,3,-0.6142857142857143,876200.0
0.15,1.4,3.0,15.0,50,5,-0.376,811200.0,24,2,-0.5166666666666667,889600.0
0.15,1.5,5.0,20.0,46,4,-0.40869565217391307,811200.0,20,1,-0.64,889200.0
0.15,1.3,7.0,20.0,28,1,-0.6714285714285714,811200.0,16,1,-0.55,893200.0
0.12,2.0,7.0,30.0,28,1,-0.6714285714285714,811200.0,19,1,-0.6210526315789474,890200.0
0.15,1.4,5.0,15.0,46,4,-0.40869565217391307,811200.0,21,1,-0.6571428571428571,888200.0
0.15,1.75,7.0,30.0,28,1,-0.6714285714285714,811200.0,17,1,-0.5764705882352941,892200.0
0.1,2.0,7.0,30.0,28,1,-0.6714285714285714,811200.0,19,1,-0.6210526315789474,890200.0
0.15,1.2,10.0,50.0,19,0,-1.0,811000.0,13,0,-1.0,889000.0
0.15,1.1,10.0,50.0,19,0,-1.0,811000.0,13,0,-1.0,889000.0
0.15,1.0,10.0,50.0,19,0,-1.0,811000.0,13,0,-1.0,889000.0
0.15,2.0,10.0,50.0,19,0,-1.0,811000.0,13,0,-1.0,889000.0
0.12,1.75,10.0,20.0,19,0,-1.0,811000.0,14,0,-1.0,888000.0
0.15,1.75,10.0,50.0,19,0,-1.0,811000.0,13,0,-1.0,889000.0
0.15,1.4,10.0,50.0,19,0,-1.0,811000.0,13,0,-1.0,889000.0
0.15,1.5,10.0,50.0,19,0,-1.0,811000.0,13,0,-1.0,889000.0
0.1,1.75,10.0,20.0,19,0,-1.0,811000.0,14,0,-1.0,888000.0
0.15,1.3,10.0,50.0,19,0,-1.0,811000.0,13,0,-1.0,889000.0
0.12,1.1,5.0,15.0,65,6,-0.29384615384615387,810900.0,29,1,-0.7517241379310344,880200.0
0.12,1.1,7.0,30.0,47,3,-0.40638297872340423,810900.0,27,1,-0.7333333333333333,882200.0
0.1,1.1,5.0,15.0,65,6,-0.29384615384615387,810900.0,29,1,-0.7517241379310344,880200.0
0.1,1.1,7.0,30.0,47,3,-0.40638297872340423,810900.0,27,1,-0.7333333333333333,882200.0
0.1,1.3,5.0,15.0,57,5,-0.3368421052631579,810800.0,24,1,-0.7,885200.0
0.12,1.3,5.0,15.0,57,5,-0.3368421052631579,810800.0,24,1,-0.7,885200.0
0.12,1.75,5.0,20.0,41,3,-0.47560975609756095,810500.0,22,1,-0.6727272727272727,887200.0
0.15,1.75,3.0,50.0,41,3,-0.47560975609756095,810500.0,21,1,-0.6571428571428571,888200.0
0.12,1.75,3.0,20.0,41,3,-0.47560975609756095,810500.0,22,1,-0.6727272727272727,887200.0
0.1,1.0,7.0,50.0,55,4,-0.35454545454545455,810500.0,32,1,-0.775,877200.0
0.1,1.75,3.0,20.0,41,3,-0.47560975609756095,810500.0,22,1,-0.6727272727272727,887200.0
0.15,1.75,5.0,50.0,41,3,-0.47560975609756095,810500.0,21,1,-0.6571428571428571,888200.0
0.1,1.75,5.0,20.0,41,3,-0.47560975609756095,810500.0,22,1,-0.6727272727272727,887200.0
0.12,1.0,5.0,15.0,73,7,-0.2671232876712329,810500.0,32,1,-0.775,877200.0
0.12,1.0,7.0,50.0,55,4,-0.35454545454545455,810500.0,32,1,-0.775,877200.0
0.1,1.0,5.0,15.0,73,7,-0.2671232876712329,810500.0,32,1,-0.775,877200.0
0.12,1.3,3.0,20.0,70,8,-0.28,810400.0,37,2,-0.6864864864864865,876600.0
0.1,1.3,3.0,20.0,70,8,-0.28,810400.0,37,2,-0.6864864864864865,876600.0
0.15,1.2,5.0,30.0,55,5,-0.35818181818181816,810300.0,28,1,-0.7428571428571429,881200.0
0.12,1.75,7.0,20.0,29,1,-0.6827586206896552,810200.0,20,1,-0.64,889200.0
0.15,1.75,7.0,50.0,29,1,-0.6827586206896552,810200.0,19,1,-0.6210526315789474,890200.0
0.1,1.5,7.0,15.0,29,1,-0.6827586206896552,810200.0,15,1,-0.52,894200.0
0.12,1.5,7.0,15.0,29,1,-0.6827586206896552,810200.0,15,1,-0.52,894200.0
0.1,1.75,7.0,20.0,29,1,-0.6827586206896552,810200.0,20,1,-0.64,889200.0
0.15,1.3,5.0,15.0,47,4,-0.42127659574468085,810200.0,21,1,-0.6571428571428571,888200.0
0.15,1.2,3.0,30.0,68,8,-0.29558823529411765,809900.0,38,3,-0.5736842105263158,880200.0
0.1,1.2,7.0,50.0,48,3,-0.41875,809900.0,28,1,-0.7428571428571429,881200.0
0.12,1.2,7.0,50.0,48,3,-0.41875,809900.0,28,1,-0.7428571428571429,881200.0
0.1,1.3,7.0,20.0,40,2,-0.505,809800.0,21,1,-0.6571428571428571,888200.0
0.12,1.3,7.0,20.0,40,2,-0.505,809800.0,21,1,-0.6571428571428571,888200.0
0.15,1.2,5.0,50.0,56,5,-0.36964285714285716,809300.0,30,1,-0.76,879200.0
0.15,1.0,5.0,15.0,56,5,-0.36964285714285716,809300.0,24,1,-0.7,885200.0
0.15,1.1,5.0,20.0,56,5,-0.36964285714285716,809300.0,28,1,-0.7428571428571429,881200.0
0.1,2.0,3.0,50.0,36,2,-0.5777777777777777,809200.0,22,1,-0.6727272727272727,887200.0
0.15,1.5,3.0,20.0,48,4,-0.43333333333333335,809200.0,22,2,-0.4727272727272727,891600.0
0.15,1.4,7.0,30.0,30,1,-0.6933333333333334,809200.0,18,1,-0.6,891200.0
0.12,2.0,3.0,50.0,36,2,-0.5777777777777777,809200.0,22,1,-0.6727272727272727,887200.0
0.1,1.5,5.0,15.0,48,4,-0.43333333333333335,809200.0,19,1,-0.6210526315789474,890200.0
0.15,1.5,7.0,30.0,30,1,-0.6933333333333334,809200.0,18,1,-0.6,891200.0
0.12,1.4,7.0,15.0,30,1,-0.6933333333333334,809200.0,15,1,-0.52,894200.0
0.1,1.4,7.0,15.0,30,1,-0.6933333333333334,809200.0,15,1,-0.52,894200.0
0.12,2.0,5.0,50.0,36,2,-0.5777777777777777,809200.0,22,1,-0.6727272727272727,887200.0
0.12,1.5,5.0,15.0,48,4,-0.43333333333333335,809200.0,19,1,-0.6210526315789474,890200.0
0.1,2.0,5.0,50.0,36,2,-0.5777777777777777,809200.0,22,1,-0.6727272727272727,887200.0
0.1,2.0,10.0,30.0,21,0,-1.0,809000.0,15,0,-1.0,887000.0
0.12,2.0,10.0,30.0,21,0,-1.0,809000.0,15,0,-1.0,887000.0
0.15,1.2,3.0,50.0,69,8,-0.30579710144927535,808900.0,40,3,-0.595,878200.0
0.15,1.3,3.0,30.0,61,7,-0.3475409836065574,808800.0,34,2,-0.6588235294117647,879600.0
0.1,1.3,10.0,50.0,32,1,-0.66875,808600.0,20,0,-1.0,882000.0
0.12,1.2,10.0,50.0,32,1,-0.66875,808600.0,21,0,-1.0,881000.0
0.12,1.0,10.0,50.0,32,1,-0.66875,808600.0,21,0,-1.0,881000.0
0.12,1.3,10.0,50.0,32,1,-0.66875,808600.0,20,0,-1.0,882000.0
0.1,1.2,10.0,50.0,32,1,-0.66875,808600.0,21,0,-1.0,881000.0
0.1,1.1,10.0,50.0,32,1,-0.66875,808600.0,21,0,-1.0,881000.0
0.1,1.0,10.0,50.0,32,1,-0.66875,808600.0,21,0,-1.0,881000.0
0.12,1.1,10.0,50.0,32,1,-0.66875,808600.0,21,0,-1.0,881000.0
0.12,2.0,7.0,50.0,31,1,-0.7032258064516129,808200.0,21,1,-0.6571428571428571,888200.0
0.15,1.3,7.0,30.0,31,1,-0.7032258064516129,808200.0,18,1,-0.6,891200.0
0.1,2.0,7.0,50.0,31,1,-0.7032258064516129,808200.0,21,1,-0.6571428571428571,888200.0
0.15,1.4,3.0,20.0,53,5,-0.41132075471698115,808200.0,28,2,-0.5857142857142857,885600.0
0.15,1.5,7.0,50.0,31,1,-0.7032258064516129,808200.0,20,1,-0.64,889200.0
0.15,1.5,5.0,30.0,49,4,-0.4448979591836735,808200.0,22,1,-0.6727272727272727,887200.0
0.15,1.4,7.0,50.0,31,1,-0.7032258064516129,808200.0,20,1,-0.64,889200.0
0.15,1.4,5.0,20.0,49,4,-0.4448979591836735,808200.0,25,1,-0.712,884200.0
0.1,1.5,10.0,20.0,22,0,-1.0,808000.0,14,0,-1.0,888000.0
0.12,1.5,10.0,20.0,22,0,-1.0,808000.0,14,0,-1.0,888000.0
0.1,1.1,7.0,50.0,50,3,-0.442,807900.0,29,1,-0.7517241379310344,880200.0
0.12,1.1,7.0,50.0,50,3,-0.442,807900.0,29,1,-0.7517241379310344,880200.0
0.12,1.2,5.0,30.0,68,6,-0.325,807900.0,36,1,-0.8,873200.0
0.1,1.2,5.0,30.0,68,6,-0.325,807900.0,36,1,-0.8,873200.0
0.15,1.3,3.0,50.0,62,7,-0.3580645161290323,807800.0,36,2,-0.6777777777777778,877600.0
0.12,1.2,3.0,30.0,81,9,-0.2777777777777778,807500.0,46,3,-0.6478260869565218,872200.0
0.1,1.2,3.0,30.0,81,9,-0.2777777777777778,807500.0,46,3,-0.6478260869565218,872200.0
0.15,1.3,7.0,50.0,32,1,-0.7125,807200.0,20,1,-0.64,889200.0
0.12,1.5,3.0,15.0,50,4,-0.456,807200.0,21,2,-0.44761904761904764,892600.0
0.15,1.3,5.0,20.0,50,4,-0.456,807200.0,25,1,-0.712,884200.0
0.15,1.5,5.0,50.0,50,4,-0.456,807200.0,24,1,-0.7,885200.0
0.1,1.5,3.0,15.0,50,4,-0.456,807200.0,21,2,-0.44761904761904764,892600.0
0.1,1.0,3.0,15.0,105,14,-0.2180952380952381,807100.0,55,5,-0.5945454545454546,869300.0
0.12,1.0,3.0,15.0,105,14,-0.2180952380952381,807100.0,55,5,-0.5945454545454546,869300.0
0.12,1.4,10.0,20.0,23,0,-1.0,807000.0,14,0,-1.0,888000.0
0.1,1.4,10.0,20.0,23,0,-1.0,807000.0,14,0,-1.0,888000.0
0.12,1.75,10.0,30.0,23,0,-1.0,807000.0,18,0,-1.0,884000.0
0.1,1.75,10.0,30.0,23,0,-1.0,807000.0,18,0,-1.0,884000.0
0.1,1.75,5.0,30.0,45,3,-0.5222222222222223,806500.0,26,1,-0.7230769230769231,883200.0
0.12,1.75,5.0,30.0,45,3,-0.5222222222222223,806500.0,26,1,-0.7230769230769231,883200.0
0.1,1.75,3.0,30.0,45,3,-0.5222222222222223,806500.0,26,1,-0.7230769230769231,883200.0
0.12,1.75,3.0,30.0,45,3,-0.5222222222222223,806500.0,26,1,-0.7230769230769231,883200.0
0.12,1.3,3.0,30.0,74,8,-0.31891891891891894,806400.0,41,2,-0.7170731707317073,872600.0
0.1,1.3,3.0,30.0,74,8,-0.31891891891891894,806400.0,41,2,-0.7170731707317073,872600.0
0.15,1.1,5.0,30.0,59,5,-0.4016949152542373,806300.0,30,1,-0.76,879200.0
0.15,1.0,5.0,20.0,59,5,-0.4016949152542373,806300.0,28,1,-0.7428571428571429,881200.0
0.1,1.75,7.0,30.0,33,1,-0.7212121212121212,806200.0,24,1,-0.7,885200.0
0.15,1.5,3.0,30.0,51,4,-0.4666666666666667,806200.0,24,2,-0.5166666666666667,889600.0
0.12,1.75,7.0,30.0,33,1,-0.7212121212121212,806200.0,24,1,-0.7,885200.0
0.1,2.0,10.0,50.0,24,0,-1.0,806000.0,17,0,-1.0,885000.0
0.12,2.0,10.0,50.0,24,0,-1.0,806000.0,17,0,-1.0,885000.0
0.15,1.1,3.0,15.0,76,9,-0.3157894736842105,806000.0,38,4,-0.4921052631578947,883300.0
0.15,1.0,3.0,15.0,88,12,-0.27386363636363636,805900.0,47,5,-0.5255319148936171,877300.0
0.12,1.1,5.0,20.0,70,6,-0.3442857142857143,805900.0,35,1,-0.7942857142857143,874200.0
0.1,1.1,5.0,20.0,70,6,-0.3442857142857143,805900.0,35,1,-0.7942857142857143,874200.0
0.12,1.3,7.0,30.0,44,2,-0.55,805800.0,25,1,-0.712,884200.0
0.12,1.3,5.0,20.0,62,5,-0.3903225806451613,805800.0,30,1,-0.76,879200.0
0.1,1.3,7.0,30.0,44,2,-0.55,805800.0,25,1,-0.712,884200.0
0.1,1.3,5.0,20.0,62,5,-0.3903225806451613,805800.0,30,1,-0.76,879200.0
0.1,1.0,5.0,20.0,78,7,-0.3141025641025641,805500.0,38,1,-0.8105263157894737,871200.0
0.12,1.0,5.0,20.0,78,7,-0.3141025641025641,805500.0,38,1,-0.8105263157894737,871200.0
0.15,1.1,5.0,50.0,60,5,-0.4116666666666667,805300.0,32,1,-0.775,877200.0
0.15,1.4,3.0,30.0,56,5,-0.44285714285714284,805200.0,30,2,-0.6133333333333333,883600.0
0.1,1.5,7.0,20.0,34,1,-0.7294117647058823,805200.0,21,1,-0.6571428571428571,888200.0
0.15,1.4,5.0,30.0,52,4,-0.47692307692307695,805200.0,27,1,-0.7333333333333333,882200.0
0.1,1.4,3.0,15.0,56,5,-0.44285714285714284,805200.0,27,2,-0.5703703703703704,886600.0
0.12,1.4,5.0,15.0,52,4,-0.47692307692307695,805200.0,24,1,-0.7,885200.0
0.15,1.5,3.0,50.0,52,4,-0.47692307692307695,805200.0,26,2,-0.5538461538461539,887600.0
0.1,1.4,5.0,15.0,52,4,-0.47692307692307695,805200.0,24,1,-0.7,885200.0
0.12,1.4,3.0,15.0,56,5,-0.44285714285714284,805200.0,27,2,-0.5703703703703704,886600.0
0.12,1.5,7.0,20.0,34,1,-0.7294117647058823,805200.0,21,1,-0.6571428571428571,888200.0
0.1,1.2,5.0,50.0,71,6,-0.35352112676056335,804900.0,38,1,-0.8105263157894737,871200.0
0.12,1.2,5.0,50.0,71,6,-0.35352112676056335,804900.0,38,1,-0.8105263157894737,871200.0
0.12,1.1,3.0,15.0,88,10,-0.28863636363636364,804600.0,43,4,-0.5511627906976744,878300.0
0.1,1.1,3.0,15.0,88,10,-0.28863636363636364,804600.0,43,4,-0.5511627906976744,878300.0
0.1,1.2,3.0,50.0,84,9,-0.30357142857142855,804500.0,48,3,-0.6625,870200.0
0.12,1.2,3.0,50.0,84,9,-0.30357142857142855,804500.0,48,3,-0.6625,870200.0
0.15,1.4,3.0,50.0,57,5,-0.45263157894736844,804200.0,32,2,-0.6375,881600.0
0.12,1.4,7.0,20.0,35,1,-0.7371428571428571,804200.0,21,1,-0.6571428571428571,888200.0
0.15,1.3,5.0,30.0,53,4,-0.4867924528301887,804200.0,27,1,-0.7333333333333333,882200.0
0.1,1.5,5.0,20.0,53,4,-0.4867924528301887,804200.0,25,1,-0.712,884200.0
0.12,1.5,5.0,20.0,53,4,-0.4867924528301887,804200.0,25,1,-0.712,884200.0
0.15,1.4,5.0,50.0,53,4,-0.4867924528301887,804200.0,29,1,-0.7517241379310344,880200.0
0.1,1.4,7.0,20.0,35,1,-0.7371428571428571,804200.0,21,1,-0.6571428571428571,888200.0
0.12,1.75,10.0,50.0,26,0,-1.0,804000.0,20,0,-1.0,882000.0
0.12,1.5,10.0,30.0,26,0,-1.0,804000.0,18,0,-1.0,884000.0
0.1,1.5,10.0,30.0,26,0,-1.0,804000.0,18,0,-1.0,884000.0
0.1,1.75,10.0,50.0,26,0,-1.0,804000.0,20,0,-1.0,882000.0
0.1,1.75,5.0,50.0,48,3,-0.5520833333333334,803500.0,28,1,-0.7428571428571429,881200.0
0.12,1.75,3.0,50.0,48,3,-0.5520833333333334,803500.0,28,1,-0.7428571428571429,881200.0
0.12,1.75,5.0,50.0,48,3,-0.5520833333333334,803500.0,28,1,-0.7428571428571429,881200.0
0.1,1.75,3.0,50.0,48,3,-0.5520833333333334,803500.0,28,1,-0.7428571428571429,881200.0
0.12,1.3,3.0,50.0,77,8,-0.34545454545454546,803400.0,43,2,-0.7302325581395349,870600.0
0.1,1.3,3.0,50.0,77,8,-0.34545454545454546,803400.0,43,2,-0.7302325581395349,870600.0
0.15,1.0,5.0,30.0,62,5,-0.4306451612903226,803300.0,30,1,-0.76,879200.0
0.1,1.75,7.0,50.0,36,1,-0.7444444444444445,803200.0,26,1,-0.7230769230769231,883200.0
0.15,1.3,5.0,50.0,54,4,-0.4962962962962963,803200.0,29,1,-0.7517241379310344,880200.0
0.12,1.75,7.0,50.0,36,1,-0.7444444444444445,803200.0,26,1,-0.7230769230769231,883200.0
0.1,1.4,10.0,30.0,27,0,-1.0,803000.0,18,0,-1.0,884000.0
0.15,1.1,3.0,20.0,79,9,-0.34177215189873417,803000.0,42,4,-0.5404761904761904,879300.0
0.12,1.4,10.0,30.0,27,0,-1.0,803000.0,18,0,-1.0,884000.0
0.15,1.0,3.0,20.0,91,12,-0.2978021978021978,802900.0,51,5,-0.5627450980392157,873300.0
0.12,1.3,7.0,50.0,47,2,-0.5787234042553191,802800.0,27,1,-0.7333333333333333,882200.0
0.1,1.3,7.0,50.0,47,2,-0.5787234042553191,802800.0,27,1,-0.7333333333333333,882200.0
0.15,1.0,5.0,50.0,63,5,-0.4396825396825397,802300.0,32,1,-0.775,877200.0
0.12,1.5,3.0,20.0,55,4,-0.5054545454545455,802200.0,27,2,-0.5703703703703704,886600.0
0.1,1.5,3.0,20.0,55,4,-0.5054545454545455,802200.0,27,2,-0.5703703703703704,886600.0
0.12,1.0,3.0,20.0,110,14,-0.25363636363636366,802100.0,61,5,-0.6344262295081967,863300.0
0.1,1.0,3.0,20.0,110,14,-0.25363636363636366,802100.0,61,5,-0.6344262295081967,863300.0
0.12,1.1,5.0,30.0,74,6,-0.37972972972972974,801900.0,39,1,-0.8153846153846154,870200.0
0.1,1.1,5.0,30.0,74,6,-0.37972972972972974,801900.0,39,1,-0.8153846153846154,870200.0
0.1,1.3,5.0,30.0,66,5,-0.42727272727272725,801800.0,34,1,-0.788235294117647,875200.0
0.12,1.3,5.0,30.0,66,5,-0.42727272727272725,801800.0,34,1,-0.788235294117647,875200.0
0.1,1.0,5.0,30.0,82,7,-0.3475609756097561,801500.0,42,1,-0.8285714285714286,867200.0
0.12,1.0,5.0,30.0,82,7,-0.3475609756097561,801500.0,42,1,-0.8285714285714286,867200.0
0.1,1.5,7.0,30.0,38,1,-0.7578947368421053,801200.0,25,1,-0.712,884200.0
0.12,1.5,7.0,30.0,38,1,-0.7578947368421053,801200.0,25,1,-0.712,884200.0
0.12,1.5,10.0,50.0,29,0,-1.0,801000.0,20,0,-1.0,882000.0
0.1,1.5,10.0,50.0,29,0,-1.0,801000.0,20,0,-1.0,882000.0
0.1,1.4,3.0,20.0,61,5,-0.4885245901639344,800200.0,33,2,-0.6484848484848484,880600.0
0.1,1.5,5.0,30.0,57,4,-0.5228070175438596,800200.0,29,1,-0.7517241379310344,880200.0
0.12,1.4,5.0,20.0,57,4,-0.5228070175438596,800200.0,30,1,-0.76,879200.0
0.12,1.4,3.0,20.0,61,5,-0.4885245901639344,800200.0,33,2,-0.6484848484848484,880600.0
0.1,1.4,5.0,20.0,57,4,-0.5228070175438596,800200.0,30,1,-0.76,879200.0
0.1,1.4,7.0,30.0,39,1,-0.764102564102564,800200.0,25,1,-0.712,884200.0
0.12,1.4,7.0,30.0,39,1,-0.764102564102564,800200.0,25,1,-0.712,884200.0
0.12,1.5,5.0,30.0,57,4,-0.5228070175438596,800200.0,29,1,-0.7517241379310344,880200.0
0.12,1.4,10.0,50.0,30,0,-1.0,800000.0,20,0,-1.0,882000.0
0.1,1.4,10.0,50.0,30,0,-1.0,800000.0,20,0,-1.0,882000.0
0.15,1.1,3.0,30.0,82,9,-0.36585365853658536,800000.0,44,4,-0.5613636363636364,877300.0
0.15,1.0,3.0,30.0,94,12,-0.3202127659574468,799900.0,53,5,-0.5792452830188679,871300.0
0.1,1.1,3.0,20.0,93,10,-0.32688172043010755,799600.0,49,4,-0.6061224489795919,872300.0
0.12,1.1,3.0,20.0,93,10,-0.32688172043010755,799600.0,49,4,-0.6061224489795919,872300.0
0.15,1.1,3.0,50.0,83,9,-0.37349397590361444,799000.0,46,4,-0.5804347826086956,875300.0
0.15,1.0,3.0,50.0,95,12,-0.3273684210526316,798900.0,55,5,-0.5945454545454546,869300.0
0.1,1.1,5.0,50.0,77,6,-0.4038961038961039,798900.0,41,1,-0.824390243902439,868200.0
0.12,1.1,5.0,50.0,77,6,-0.4038961038961039,798900.0,41,1,-0.824390243902439,868200.0
0.12,1.3,5.0,50.0,69,5,-0.45217391304347826,798800.0,36,1,-0.8,873200.0
0.1,1.3,5.0,50.0,69,5,-0.45217391304347826,798800.0,36,1,-0.8,873200.0
0.12,1.0,5.0,50.0,85,7,-0.37058823529411766,798500.0,44,1,-0.8363636363636363,865200.0
0.1,1.0,5.0,50.0,85,7,-0.37058823529411766,798500.0,44,1,-0.8363636363636363,865200.0
0.12,1.5,7.0,50.0,41,1,-0.775609756097561,798200.0,27,1,-0.7333333333333333,882200.0
0.1,1.5,3.0,30.0,59,4,-0.5389830508474577,798200.0,31,2,-0.6258064516129033,882600.0
0.1,1.5,7.0,50.0,41,1,-0.775609756097561,798200.0,27,1,-0.7333333333333333,882200.0
0.12,1.5,3.0,30.0,59,4,-0.5389830508474577,798200.0,31,2,-0.6258064516129033,882600.0
0.1,1.0,3.0,30.0,114,14,-0.27982456140350875,798100.0,65,5,-0.6569230769230769,859300.0
0.12,1.0,3.0,30.0,114,14,-0.27982456140350875,798100.0,65,5,-0.6569230769230769,859300.0
0.12,1.4,7.0,50.0,42,1,-0.780952380952381,797200.0,27,1,-0.7333333333333333,882200.0
0.1,1.5,5.0,50.0,60,4,-0.5466666666666666,797200.0,31,1,-0.7677419354838709,878200.0
0.12,1.5,5.0,50.0,60,4,-0.5466666666666666,797200.0,31,1,-0.7677419354838709,878200.0
0.1,1.4,7.0,50.0,42,1,-0.780952380952381,797200.0,27,1,-0.7333333333333333,882200.0
0.1,1.4,3.0,30.0,65,5,-0.52,796200.0,37,2,-0.6864864864864865,876600.0
0.12,1.4,5.0,30.0,61,4,-0.5540983606557377,796200.0,34,1,-0.788235294117647,875200.0
0.12,1.4,3.0,30.0,65,5,-0.52,796200.0,37,2,-0.6864864864864865,876600.0
0.1,1.4,5.0,30.0,61,4,-0.5540983606557377,796200.0,34,1,-0.788235294117647,875200.0
0.1,1.1,3.0,30.0,97,10,-0.354639175257732,795600.0,53,4,-0.6358490566037736,868300.0
0.12,1.1,3.0,30.0,97,10,-0.354639175257732,795600.0,53,4,-0.6358490566037736,868300.0
0.12,1.5,3.0,50.0,62,4,-0.5612903225806452,795200.0,33,2,-0.6484848484848484,880600.0
0.1,1.5,3.0,50.0,62,4,-0.5612903225806452,795200.0,33,2,-0.6484848484848484,880600.0
0.12,1.0,3.0,50.0,117,14,-0.2982905982905983,795100.0,67,5,-0.6671641791044776,857300.0
0.1,1.0,3.0,50.0,117,14,-0.2982905982905983,795100.0,67,5,-0.6671641791044776,857300.0
0.1,1.4,5.0,50.0,64,4,-0.575,793200.0,36,1,-0.8,873200.0
0.12,1.4,3.0,50.0,68,5,-0.5411764705882353,793200.0,39,2,-0.7025641025641025,874600.0
0.1,1.4,3.0,50.0,68,5,-0.5411764705882353,793200.0,39,2,-0.7025641025641025,874600.0
0.12,1.4,5.0,50.0,64,4,-0.575,793200.0,36,1,-0.8,873200.0
0.1,1.1,3.0,50.0,100,10,-0.374,792600.0,55,4,-0.649090909090909,866300.0
0.12,1.1,3.0,50.0,100,10,-0.374,792600.0,55,4,-0.649090909090909,866300.0
